scaffold,frequency
c1ccccc1,46
O=C1[CH]CCNC(=O)[CH]NC(=O)[CH]NC(=O)[CH]NC(=O)[CH]NC(=O)[C](Cc2ccccc2)NC(=O)[CH]N1,43
O=C(NCc1ccccc1)c1cc(-c2nnn(CC3CCCCC3)n2)ccn1,22
O=P1(COCCn2cnc3cncnc32)OCCC(c2ccccc2)O1,22
c1ccc(OCc2cccc(-c3ccccc3)c2)cc1,21
O=C1[CH][CH]CC(Nc2ccccc2)=C1,17
O=C1[CH]CCNC(=O)[CH]NC(=O)[CH]NC(=O)[CH]NC(=O)[CH]NC(=O)[CH]NC(=O)[CH]N1,15
c1ccc(C2=NCCS2)cc1,12
O=C(NC(=NCc1ccccc1)Nc1ccccc1)c1ccccc1,10
c1ccncc1,8
O=C1[CH]NC(=O)[CH]NC(=O)[C](Cc2ccccc2)NC(=O)[CH]NC(=O)[C](NC(=O)[CH]NC(=O)[CH]NC(=O)[CH]NC(=O)c2cccc(-c3ccccc3)c2)CCNC(=O)[CH]NC(=O)[CH]N1,7
O=C1[CH]NC(=O)[CH]NC(=O)[C](Cc2ccccc2)NC(=O)[CH]NC(=O)[C](NC(=O)[CH]NC(=O)[CH]NC(=O)[CH]NC(=O)c2ccnc(-c3ccccc3)c2)CCNC(=O)[CH]NC(=O)[CH]N1,6
c1ccc(OCc2cnc(-c3ccccc3)s2)cc1,6
c1ccc(Oc2ccccc2)cc1,6
c1ncncn1,6
C1CCC(OC2CCCC(OC3CCCCO3)C2)OC1,5
N=C(C(=O)NC1C(=O)N2C=CCSC12)c1cscn1,5
O=C(CC[CH][C]1CC[C]2[C]3CC[C]4C[CH]CCC4[C]3C[CH]C12)OCCCO[PH](=O)COCCn1cnc2cncnc21,5
O=C(CC[CH][C]1CC[C]2[C]3[CH]C[C]4C[CH]CCC4[C]3CCC12)OCCCO[PH](=O)COCCn1cnc2cncnc21,5
[CH]1CSC(c2ccccc2)=N1,5
c1ccc(OCc2cccc(-c3cnoc3)c2)cc1,5
c1cncnc1,5
c1ncc2nc[nH]c2n1,5
C1CCCCC1,4
O=C(Cc1ccccc1)NC1C(=O)N2C=CCSC12,4
O=C(NCc1ccccc1)c1cc(-c2nnn(CC3CCNCC3)n2)ccn1,4
O=C(NN=C1C[C]2CCC1C2)C1C2C=CC3(CN(c4ccccc4)C(=O)C13)O2,4
O=C(c1ccccc1)c1ccccc1,4
O=c1[nH]cnc2[nH]cnc12,4
C1=CCCCC1,3
C=C1C(=O)CC2CC3Cc4ccccc4C=C3C(=O)C2C1=O,3
C=C1NC(=O)CCCNC(=O)CNC(=O)CNC(=O)[CH]NC[CH]NC(=O)[CH]NC1=O,3
O=C1OCC=C1CCCCCCCCCCCCCC1CCC(C2CCCO2)O1,3
O=C1[CH][CH]c2ccc(cc2)Oc2cc3cc(c2O[C]2O[CH][CH][CH][C]2O[C]2CC[CH][CH]O2)Oc2ccc(cc2)[CH][C]2NC(=O)[C](NC(=O)[C]3NC(=O)[CH]N1)c1cccc(c1)-c1ccccc1[CH]NC2=O,3
O=S(=O)(Nc1ccccc1)c1nc2ccncn2n1,3
O=S(Cc1ccccn1)c1nc2ccccc2[nH]1,3
C1CCOCC1,2
N=C(C(=O)NC1C(=O)N2C=CCSC12)c1ccco1,2
N=C(C(=O)N[C]1[C]2SCC(C=Cc3cncs3)=CN2C1=O)c1cscn1,2
O=C(NCc1ccccc1)c1cc(-c2nn[nH]n2)ncn1,2
O=C(NCc1ccccc1)c1cc(-c2nnn(CC3COCCO3)n2)ccn1,2
O=C(NCc1ccccc1)c1cc(-c2nnn(CC3COCCO3)n2)ncn1,2
O=C(NCc1ccccc1)c1cc(-c2nnn(C[C]3CO[CH]CO3)n2)ncn1,2
O=C(NCc1ccccc1)c1ccncn1,2
O=C(Nc1ccccc1)c1c[nH]c(-c2ccccc2)c1-c1ccccc1,2
O=C(Nc1ncncn1)NS(=O)(=O)c1ccccc1,2
O=C(OCc1cccc(Oc2ccccc2)c1)C1CC1,2
O=C([CH]N[CH]CCc1ccccc1)N1[CH]CCC1,2
O=C([CH]N[CH]CCc1ccccc1)N1[CH]C[C]2CCCC[C]21,2
O=C([CH]N[CH]CCc1ccccc1)N1[CH]C[C]2CCC[C]21,2
O=C1C=CC2C(=O)C3=Cc4ccccc4CC3CC2C1,2
O=C1CCC=CCC(=O)CC(CCC2CCCCC2)OC(=O)C2CCCCN2C(=O)C(=O)C2CCCC(CCC=CC=CC=CCCC1)O2,2
O=C1CCc2ccc(cc2)Oc2cc3cc(c2OC2OCCCC2OC2CCCCO2)Oc2ccc(cc2)CC2NC(=O)C(NC(=O)C3NC(=O)CN1)c1cccc(c1)-c1ccccc1CNC2=O,2
O=C1C[CH]C[C](CC[C]2[CH]C=CC3=C[CH]C[CH][C]23)O1,2
O=C1[CH]NC(=O)[CH]NC(=O)[C](Cc2ccccc2)NC(=O)[CH]NC(=O)[C](NC(=O)[CH]NC(=O)[CH]NC(=O)[CH]NC(=O)Nc2ccccc2)CCNC(=O)[CH]NC(=O)[CH]N1,2
O=C1[CH]NC(=O)[CH]NC(=O)[C](Cc2ccccc2)NC(=O)[CH]NC(=O)[C](NC(=O)[CH]NC(=O)[CH]NC(=O)[CH]NC(=O)c2ccc(-c3ccccc3)cc2)CCNC(=O)[CH]NC(=O)[CH]N1,2
O=C1[CH][CH]C=C[CH]C(=O)C[C]([CH]C[C]2C[CH][CH]CC2)OC(=O)[C]2CCCCN2C(=O)C(=O)C2[CH]CC[C](C[CH]C=CC=CC=C[CH]C[CH]1)O2,2
O=C1c2ccccc2C(=O)c2ccccc21,2
O=C1c2ccccc2OC(c2ccccc2)C1C1C(=O)c2ccccc2OC1c1ccccc1,2
O=P1(COCCn2cnc3cncnc32)OCC[C](c2ccccc2)O1,2
O=c1cccnn1-c1ccccc1,2
O=c1ccn(C2CC2)c2cc(N3CCNCC3)ccc12,2
O=c1nc[nH]c2[nH]cnc12,2
O=c1nccc[nH]1,2
O=c1ncccn1C1CCCO1,2
[CH]1C[C]2CCCC[C]2N1,2
[CH]1[CH]O[C](n2cnc3cncnc32)[CH]1,2
[CH]1[CH][CH]O[CH][CH]1,2
c1cc(-c2nn[nH]n2)ccn1,2
c1cc(-c2nnn(CC3CCCCC3)n2)ccn1,2
c1ccc(-c2ccccc2)cc1,2
c1ccc(-c2ccccc2-c2nn[nH]n2)cc1,2
c1ccc(Cc2ccccc2)cc1,2
c1ccc(OCc2ccc(-c3ccccc3)cc2)cc1,2
c1ccc2ccccc2c1,2
c1ccc2ncccc2c1,2
c1ncc2ncn(C3CCCO3)c2n1,2
C(=C(c1ccccc1)c1ccccc1)c1ccccc1,1
C(=Cn1cncn1)c1ccccc1,1
C(=NOCc1ccccc1)c1ccccc1,1
C1=C2C3CCCCC3CCC2C2CCC3CC(OC4CCCCO4)CCC3C2C1,1
C1=C2C3CCCCC3CCC2C2CCC3CC(OC4OCC(OC5CCCCO5)CC4OC4CCCCO4)CCC3C2C1,1
C1=C2C3CCCCC3CCC2C2CCC3CCCCC3C2C1,1
C1=C2CCN3Cc4cc5c(cc4C(CC1)C23)OCO5,1
C1=CC2C(C=COC2OC2CCCCO2)C1,1
C1=CC2CC(c3ccc4c(c3)C35CCN6CC=CC(CCC3N4)C65)c3[nH]c4ccccc4c3CN(C1)C2,1
C1=CC2CCC1C2,1
C1=CC2c3ccccc3OCC2CC1,1
C1=CCC=C1,1
C1=COC(OC2CCCC(OC3CCCCO3)C2)CC1,1
C1=Cc2ccccc2NC1,1
C1=NCC2C3CC4CC2(CC(O4)O3)N1,1
C1=NCCc2ncn(C3CCCO3)c2N1,1
C1=NOC(c2ccccc2)(c2ccccc2)C1,1
C1C2C3C4CC5C3C1C5C24,1
C1CC2CCC1CO2,1
C1CCC(OC2CCCO2)OC1,1
C1CCC(OC2OCCC2OC2CCCCO2)CC1,1
C1CCC2C(C1)CCC1C3CCCC3CCC21,1
C1CCCNCC1,1
C1CCN2CC3C(CCC4C3CC35OC6CCCC3C6CCC45)CC2C1,1
C1CCOC1,1
C1OC2COC3OCOC3C2O1,1
C=C(C(=O)NC1C(=O)N2C=CCSC12)c1cscn1,1
C=C1CC23CCC4CCC(OC5CCCCO5)CC4C2CCC1C3,1
C=C1CCC2CCCCC2C1CC=C1CCOC1=O,1
C=C1CCCC(=O)OCC2=CCN3CCC(OC1=O)C23,1
C=C1CN2CCC34c5ccccc5N5C(=O)CC=C(C1CC23)C54,1
C=C1NC(=O)C(NC(=O)C2CC3(CCNCC3)c3ccccc32)CCNC(=O)CNC(=O)CNC(=O)[CH]NC(=O)[CH]NC(=O)[CH]NC1=O,1
C=C1NC(=O)C(NC(=O)C2CCC(CNC(=O)OCc3ccccc3)CC2)CCNC(=O)CNC(=O)CNC(=O)[CH]NC(=O)[CH]NC(=O)[CH]NC1=O,1
C=C1NC(=O)C(NC(=O)C2CCCN(C(=O)c3ccccc3)C2)CCNC(=O)CNC(=O)CNC(=O)[CH]NC(=O)[CH]NC(=O)[CH]NC1=O,1
C=C1NC(=O)C(NC(=O)CCCCCCCCC(=O)OCc2ccccc2)CCNC(=O)CNC(=O)CNC(=O)[CH]NC(=O)[CH]NC(=O)[CH]NC1=O,1
C=C1NC(=O)C(NC(=O)CCc2nc(-c3ccccc3)n[nH]2)CCNC(=O)CNC(=O)CNC(=O)[CH]NC(=O)[CH]NC(=O)[CH]NC1=O,1
C=C1NC(=O)C(NC(=O)CCc2nc(-c3ccccc3)no2)CCNC(=O)CNC(=O)CNC(=O)[CH]NC(=O)[CH]NC(=O)[CH]NC1=O,1
C=C1NC(=O)C(NC(=O)CCc2nc(-c3ccncc3)no2)CCNC(=O)CNC(=O)CNC(=O)[CH]NC(=O)[CH]NC(=O)[CH]NC1=O,1
C=C1NC(=O)C(NC(=O)COc2ccccc2)CCNC(=O)CNC(=O)CNC(=O)[CH]NC(=O)[CH]NC(=O)[CH]NC1=O,1
C=C1NC(=O)C(NC(=O)Cc2ccc(NC(=O)Nc3ccccc3)cc2)CCNC(=O)CNC(=O)CNC(=O)[CH]NC(=O)[CH]NC(=O)[CH]NC1=O,1
C=C1NC(=O)C(NC(=O)Cc2cn(C(=O)c3ccccc3)c3ccccc23)CCNC(=O)CNC(=O)CNC(=O)[CH]NC(=O)[CH]NC(=O)[CH]NC1=O,1
C=C1NC(=O)C(NC(=O)c2cc3ccccc3o2)CCNC(=O)CNC(=O)CNC(=O)[CH]NC(=O)[CH]NC(=O)[CH]NC1=O,1
C=C1NC(=O)C(NC(=O)c2ccc(-c3ccccc3)cc2)CCNC(=O)CNC(=O)CNC(=O)[CH]NC[CH]NC(=O)[CH]NC1=O,1
C=C1NC(=O)C(NC(=O)c2ccc(-c3nn[nH]n3)cc2)CCNC(=O)CNC(=O)CNC(=O)[CH]NC(=O)[CH]NC(=O)[CH]NC1=O,1
C=C1NC(=O)C(NC(=O)c2ccc(NS(=O)(=O)Cc3ccccc3)cc2)CCNC(=O)CNC(=O)CNC(=O)[CH]NC(=O)[CH]NC(=O)[CH]NC1=O,1
C=C1NC(=O)C(NC(=O)c2ccc(Oc3ccccc3)cc2)CCNC(=O)CNC(=O)CNC(=O)[CH]NC(=O)[CH]NC(=O)[CH]NC1=O,1
C=C1NC(=O)C(NC(=O)c2cccc(-c3ccccc3)c2)CCNC(=O)CNC(=O)CNC(=O)[CH]NC[CH]NC(=O)[CH]NC1=O,1
C=C1NC(=O)C(NC(=O)c2ccccc2)CCNC(=O)CNC(=O)CNC(=O)[CH]NC[CH]NC(=O)[CH]NC1=O,1
C=C1NC(=O)C(NC(=O)c2cn(-c3ccccc3)nc2-c2ccccc2)CCNC(=O)CNC(=O)CNC(=O)[CH]NC(=O)[CH]NC(=O)[CH]NC1=O,1
C=C1NC(=O)C(NC(=O)c2cn3c4c(c(N5CCNCC5)ccc4c2=O)OC[CH]3)CCNC(=O)CNC(=O)CNC(=O)[CH]NC(=O)[CH]NC(=O)[CH]NC1=O,1
C=C1NC(=O)C(NC(=O)c2cn3c4c(cccc4c2=O)OC[CH]3)CCNC(=O)CNC(=O)CNC(=O)[CH]NC(=O)[CH]NC(=O)[CH]NC1=O,1
C=C1NC(=O)CCCNC(=O)CNC(=O)CNC(=O)[CH]NC(=O)[CH]NC(=O)[CH]NC1=O,1
C=C1SC(C(=O)NC2C(=O)N3C=C(CSc4nnn[nH]4)CSC23)S1,1
C=C1[CH][CH]C[C]1n1cnc2c(=O)[nH]cnc21,1
N=C(C(=O)NC1C(=O)N2C=C(C=Cc3cncs3)CSC12)c1cscn1,1
N=C(C(=O)NC1C(=O)N2C=C(CSc3nc(=O)cn[nH]3)CSC12)c1cscn1,1
N=C(C(=O)NC1C(=O)N2C=C(C[NH+]3CCCC3)CSC12)c1cscn1,1
N=C(C(=O)NC1C(=O)N2C=C(C[n+]3ccccc3)CSC12)c1cscn1,1
N=C(C(=O)NC1C(=O)N2C=C(Cn3ccc[nH+]3)CSC12)c1ncsn1,1
N=C(C(=O)N[C]1[C]2SCC(C[NH+]3CCCC3)=CN2C1=O)c1cscn1,1
N=C(C(=O)N[C]1[C]2SCC(C[n+]3ccccc3)=CN2C1=O)c1cscn1,1
N=C(C(=O)N[C]1[C]2SCC=CN2C1=O)c1cscn1,1
N=C(C1=NOCCO1)c1ccccc1Oc1cc(Oc2ccccc2)ncn1,1
N=C(COc1ccc(COc2ccccc2)cc1)c1ccccc1,1
N=C1CCN(c2ccc3c(=O)ccn(C4CC4)c3n2)C1,1
N=C1CCc2ccc(OCc3cccc(-c4ccccc4)c3)cc21,1
N=C1NCOCN1Cc1cncs1,1
O=C(CC(NC(=O)c1ccccc1)c1ccccc1)OC1C=C2CC(=O)C3CCC4OCC4C3C(OC(=O)c3ccccc3)C(C2)C1,1
O=C(CC1CCNCC1)N1CCC(C2c3ccccc3CCc3cccnc32)CC1,1
O=C(CCC=CCc1ccc2c(c1)C(=O)OC2)OCCN1CCOCC1,1
O=C(CCCNC(=O)C(NC(=O)c1ccncn1)C(OC1OCCCC1OC1CCCCO1)c1cnc[nH]1)NCC(=O)NCCc1nc(-c2nccs2)cs1,1
O=C(CC[CH][C]1CC[C]2[C]3CC[C]4C[CH]CCC4[C]3C[CH]C12)OCCCOP(=O)(COCCn1cnc2cncnc21)OCCCSC(=O)[CH]Cc1ccccc1,1
O=C(CC[CH][C]1CC[C]2[C]3[CH]C[C]4C[CH]CCC4[C]3CCC12)OCCCOP(=O)(COCCn1cnc2cncnc21)OCCCSC(=O)[CH]Cc1ccccc1,1
O=C(CCc1c[nH]c2ccccc12)NCC(=O)NCC(=O)NC1COC(=O)C(CC(=O)c2ccccc2)NC(=O)CNC(=O)CNC(=O)CNC(=O)CNC(=O)CNC(=O)CNC(=O)CNC(=O)CNC1=O,1
O=C(CN1CCN(CCCOc2ccccc2)CC1)Nc1ccccc1,1
O=C(CN1CCOCC1)NC(CCc1ccccc1)C(=O)NCC(=O)NC(Cc1ccccc1)C(=O)NCC(=O)C1CO1,1
O=C(CNS(=O)(=O)c1cccc2c1NCCC2)N1CCCCC1,1
O=C(CNc1ccccc1)OCc1cccc(Oc2ccccc2)c1,1
O=C(COc1nncs1)Nc1ccccc1,1
O=C(C[CH]c1ccccc1)O[C]1C=C2[CH]C(=O)C3[CH]C[C]4OCC4[C]3[C](OC(=O)c3ccccc3)C(C1)C2,1
O=C(Cc1cccs1)NC1C(=O)N2C=CCSC12,1
O=C(Cc1cccs1)N[C]1[C]2SCC(C[n+]3ccccc3)=CN2C1=O,1
O=C(Cn1cnnn1)NC1C(=O)N2C=C(CSc3nncs3)CSC12,1
O=C(NC1CCCNC(=O)C2CCCN2C(=O)CNC(=O)C(CCc2ccccc2)NC(=O)C2CCCN2C(=O)CNC1=O)c1ccc(-c2cc(-c3ccccc3)on2)cc1,1
O=C(NCCOc1ccccc1)n1ccnc1,1
O=C(NCc1ccccc1)NCc1ccccc1,1
O=C(NCc1ccccc1)c1cc(-c2nn[nH]n2)ccn1,1
O=C(NCc1ccccc1)c1cc(-c2nnn(CC3CCCCO3)n2)ccn1,1
O=C(NCc1ccccc1)c1cc(-c2nnn(CC3CCCOC3)n2)ccn1,1
O=C(NN=C1C[C]2CCC1C2)C1C2C=CC3(CN(CCc4ccccc4)C(=O)C13)O2,1
O=C(NN=C1C[C]2CCC1C2)C1C2C=CC3(CN(Cc4ccccc4)C(=O)C13)O2,1
O=C(N[C]([CH]CNS(=O)(=O)c1ccccc1)Cc1ccccc1)O[C]1CCOC1,1
O=C(N[C]1[CH]Cc2ccccc21)[C](C[CH]CN1[CH]CN(Cc2cccnc2)CC1)Cc1ccccc1,1
O=C(Nc1ccc(C(=O)N2CCCCc3ccccc32)cc1)c1ccccc1,1
O=C(Nc1ccccc1)C1=COCCS1,1
O=C(Nc1ccccc1)C1CC1,1
O=C(Nc1ccccc1)Nc1ccncc1,1
O=C(Nc1ccccc1)Nc1cnns1,1
O=C(Nc1ccccn1)C1NS(=O)(=O)c2ccccc2C1=O,1
O=C(Nc1ncccn1)NS(=O)(=O)c1ccccc1,1
O=C(Nc1ncccn1)NS(=O)(=O)c1ccccc1C(=O)OC1COC1,1
O=C(Nc1ncccn1)NS(=O)(=O)c1ccccn1,1
O=C(Nc1ncccn1)NS(=O)(=O)c1cnc2ccccn12,1
O=C(Nc1nccs1)C1=Cc2ccccc2S(=O)(=O)N1,1
O=C(Nc1nccs1)C1NS(=O)(=O)c2ccccc2C1=O,1
O=C(OC1CC2CCC(C1)N2)c1ccccc1,1
O=C(OC1CC2CCC(C1)[N+]21CCCC1)C(c1ccccc1)c1ccccc1,1
O=C(OC1C[C]2CCC(C1)[N+]21CCCC1)C(c1ccccc1)c1ccccc1,1
O=C(OCOC(=O)c1cccc2ncn(Cc3ccc(-c4ccccc4-c4nn[nH]n4)cc3)c12)OC1CCCCC1,1
O=C(O[C]1c2nccnc2C(=O)N1c1ccccn1)N1CCNCC1,1
O=C([CH]Cc1c[nH]c2ccccc12)N[CH]C(=O)N[CH]C(=O)NC1COC(=O)[C](CC(=O)c2ccccc2)NC(=O)[CH]NC(=O)[CH]NC(=O)CNC(=O)[CH]NC(=O)[CH]NC(=O)[CH]NC(=O)[CH]NC(=O)CNC1=O,1
O=C([CH]NC(=O)c1ccc2ccccc2n1)N[C]([CH]CN1[CH]C[C]2CCCC[C]2C1)Cc1ccccc1,1
O=C([CH]NS(=O)(=O)c1cccc2c1NCCC2)N1[CH]C[CH]CC1,1
O=C([CH]N[CH]CCc1ccccc1)N1[CH]Cc2ccccc2C1,1
O=C([CH][CH]c1ccccc1)O[C]1C=C2[CH]C(=O)C3[CH]C[C]4OCC4[C]3[C](OC(=O)c3ccccc3)C(C1)C2,1
O=C(c1ccccc1)c1ccc2n1CCC2,1
O=C1C(=O)c2ccccc2C=C1C1CCC(c2ccccc2)CC1,1
O=C1C=C2C3CCCCC3CCC2C2CCC3CCCCC3C12,1
O=C1C=C2CCC3C4CCC5(CCC(=O)O5)C4CC4OC43C2CC1,1
O=C1C=CC(=O)C2=C1CC1C3NC3CN21,1
O=C1C=CC(=O)C2=C1[CH]C1[C]3N[C]3CN21,1
O=C1C=CC(=O)C=C1,1
O=C1C=CC(=O)c2ccccc21,1
O=C1C=CC(OC(=O)C2CC2)C1,1
O=C1C=CC=CC1=C1NC(=C2C=CC=CC2=O)N(c2ccccc2)N1,1
O=C1C=CC=C[CH][CH][CH][CH][CH][CH][CH][CH]C=COC2Oc3ccc4cc(c(C=NN5CCNCC5)cc4c3C2=O)N1,1
O=C1C=CCC2(CC3CCC2CN3)O1,1
O=C1C=CCCC1,1
O=C1CC(=O)N(c2ccccc2)N1c1ccccc1,1
O=C1CC(=O)NC(=S)N1,1
O=C1CC2CC2C1,1
O=C1CC2N1CC(Cn1ccnn1)S2(=O)=O,1
O=C1CC2OCC3CC(=O)C4C(CCC5C(c6ccoc6)OC(=O)C6OC654)C32CO1,1
O=C1CC2OCC=C3CN4CCC56c7ccccc7N1C5C2C3CC46,1
O=C1CC=CCCCCC2CCCC(O2)C(=O)C(=O)N2CCCCC2C(=O)OC(C=CC2CCCCC2)CCC1,1
O=C1CCC2C(CCC3C4CC(=O)C(CCCC5CO5)=C4CCC23)C1,1
O=C1CCC2C(CCC3C4CCC=C4CCC23)C1,1
O=C1CCCC2C3CCCN4CCCC(CN12)C34,1
O=C1CCCCCCCCCCCC2CCCC(CC(OC3CCCCO3)C=CC=CC=CC=CC=CC=CC=CCCCCO1)O2,1
O=C1CCCCNC(=O)C2CCCN2C(=O)CNC(=O)C(CCc2ccccc2)NC(=O)C2CCCN2C(=O)CN1,1
O=C1CCCN1,1
O=C1CCCNC(=O)CNC(=O)CNC(=O)CNC(=O)CNC(=O)CNC(=O)CN1,1
O=C1CCCc2ncccc2C(=O)OCC2OC34CC2CCC3CC(OC(=O)c2ccccc2)C(C4)O1,1
O=C1CCO1,1
O=C1CCOC2OC3CCCCC3OC12,1
O=C1CCc2ccc(OCc3cccc(-c4ccccc4)c3)cc21,1
O=C1CCc2ccc(Oc3ccccc3)cc21,1
O=C1CCc2ccccc2C2CCCCN12,1
O=C1CNC(=O)CNC(=O)C(Cc2c[nH]c3ccccc23)NC(=O)C(Cc2ccccc2)NC(=O)C(NC(=O)CCc2ccccc2)CSSCCN1,1
O=C1CNC(=O)CNC(=O)CNC(=O)CNC(=O)CNC(=O)CNC(=O)CNC(=O)CNC(=O)CNC(=O)CNC(=O)CN1,1
O=C1COC(=O)N1,1
O=C1COC(=O)N1c1ccccc1,1
O=C1C[CH]C[CH]CC[CH][CH]C[CH]CC2C[CH][CH][C](C[C](OC3CCCCO3)C=CC=CC=CC=CC=CC=CC=C[CH][CH][CH][CH]O1)O2,1
O=C1Cc2cc3n(c(=O)c2CO1)Cc1cc2cc(OC(=O)N4CCC(N5CCCCC5)CC4)ccc2nc1-3,1
O=C1Cc2cc3n(c(=O)c2CO1)Cc1cc2ccccc2nc1-3,1
O=C1N(Cc2ccc(-c3ccccc3-c3nn[nH]n3)cc2)C=NC12CCCC2,1
O=C1NC(=O)C(c2ccccc2)(c2ccccc2)N1,1
O=C1NC(=O)C2C3C=CC(C3)C12,1
O=C1NC(=O)C2CC=CCC12,1
O=C1NC(CNC(=O)c2nnco2)=NC(C(=O)NCc2ccccc2)C1=O,1
O=C1NCCS1,1
O=C1NN=CCN1N=Cc1cccnc1,1
O=C1N[CH]C(=O)N2C[CH][CH][C]2C(=O)N[CH][CH]CC(NC(=O)c2ccc(-c3cc(-c4ccccc4)on3)cc2)C(=O)N[CH]C(=O)N2C[CH]C[C]2C(=O)N[C]1C[CH]c1ccccc1,1
O=C1N[CH]C(=O)N2C[CH][CH][C]2C(=O)N[CH][CH]C[C](NC(=O)c2ccc(-c3cc(-c4ccccc4)on3)cc2)C(=O)N[CH]C(=O)N2C[CH]C[C]2C(=O)N[C]1[CH][CH]c1ccccc1,1
O=C1Nc2ccccc2C(C#CC2CC2)O1,1
O=C1OC(=O)C2C3CCC(O3)C12,1
O=C1OC(=O)c2ccccc21,1
O=C1OC(CCc2ccccc2)CC=C1[CH]c1cccc(NS(=O)(=O)c2ccccn2)c1,1
O=C1OC2CC1C1C3OC3C3(CO3)C1C2,1
O=C1OCC2=C1CCC1C2CC2OC23CC2OC2C2OC123,1
O=C1OCC2C(OC3CCC4OCOCC4O3)c3cc4c(cc3C(c3ccccc3)C12)OCO4,1
O=C1OCC2Cc3cc4c(cc3C(c3ccccc3)C12)OCO4,1
O=C1OCC=C1CCCCCCCCCCCC1CCC(C2CCCO2)O1,1
O=C1OCC=C1CCCCCCCCCCCCCC1CCCO1,1
O=C1OC[C]2[C]1[C](c1ccccc1)c1cc3c(cc1[C]2O[C]1[CH][CH][C]2O[C](c4cccs4)OC[C]2O1)OCO3,1
O=C1[CH]C=CC[CH]C[CH][C]2[CH]C[CH]C(O2)C(=O)C(=O)N2CCCC[C]2C(=O)O[C](C=CC2C[CH][CH]CC2)[CH][CH]C1,1
O=C1[CH]CCNC(=O)[CH]NC(=O)[CH]NC(=O)[CH]NC(=O)CNC(=O)[C](Cc2ccccc2)NC(=O)[CH]N1,1
O=C1[CH]CCNC(=O)[CH]NC(=O)[CH]NC(=O)[CH]NC(=O)[CH]NC(=O)CNC(=O)[CH]N1,1
O=C1[CH]CCNC(=O)[CH]NC(=O)[CH]NC(=O)[CH]NC(=O)[CH]NC(=O)[C](Cc2ccc(-c3ccccc3)cc2)NC(=O)[CH]N1,1
O=C1[CH]CCNC(=O)[CH]NC(=O)[CH]NC(=O)[CH]NC(=O)[C](Cc2ccc(-c3ccccc3)cc2)NC(=O)[C](Cc2ccccc2)NC(=O)[CH]N1,1
O=C1[CH]CCNC(=O)[CH]NC(=O)[CH]NC(=O)[C](Cc2ccccc2)NC(=O)[CH]NC(=O)[C](Cc2ccccc2)NC(=O)[CH]N1,1
O=C1[CH]CCNC(=O)[CH]NC(=O)[C](Cc2ccccc2)NC(=O)[CH]NC(=O)[CH]NC(=O)[C](Cc2ccccc2)NC(=O)[CH]N1,1
O=C1[CH]NC(=O)[CH]NC(=O)[C](Cc2ccccc2)NC(=O)[CH]NC(=O)[C](NC(=O)[CH]NC(=O)[CH]NC(=O)[CH]NC(=O)Nc2cccc(-c3ccccc3)c2)CCNC(=O)[CH]NC(=O)[CH]N1,1
O=C1[CH]NC(=O)[CH]NC(=O)[C](Cc2ccccc2)NC(=O)[CH]NC(=O)[C](NC(=O)[CH]NC(=O)[CH]NC(=O)[CH]NC(=O)c2ccc(=O)n(-c3ccccc3)c2)CCNC(=O)[CH]NC(=O)[CH]N1,1
O=C1[CH]NC(=O)[CH]NC(=O)[C](Cc2ccccc2)NC(=O)[CH]NC(=O)[C](NC(=O)[CH]NC(=O)[CH]NC(=O)[CH]NC(=O)c2ccc(Oc3ccccc3)nc2)CCNC(=O)[CH]NC(=O)[CH]N1,1
O=C1[CH]NC(=O)[CH]NC(=O)[C](Cc2ccccc2)NC(=O)[CH]NC(=O)[C](NC(=O)[CH]NC(=O)[CH]NC(=O)[CH]NC(=O)c2ccc3ccccc3c2)CCNC(=O)[CH]NC(=O)[CH]N1,1
O=C1[CH]NC(=O)[CH]NC(=O)[C](Cc2ccccc2)NC(=O)[CH]NC(=O)[C](NC(=O)[CH]NC(=O)[CH]NC(=O)[CH]NC(=O)c2cccc(-c3ccccn3)c2)CCNC(=O)[CH]NC(=O)[CH]N1,1
O=C1[CH]NC(=O)[CH]NC(=O)[C](Cc2ccccc2)NC(=O)[CH]NC(=O)[C](NC(=O)[CH]NC(=O)[CH]NC(=O)[CH]NC(=O)c2cncc(-c3ccccc3)c2)CCNC(=O)[CH]NC(=O)[CH]N1,1
O=C1[CH]NC(=O)[CH]NC(=O)[C](Cc2ccccc2)NC(=O)[CH]NC(=O)[C](NC(=O)[CH]NC(=O)[CH]NC(=O)[CH]NC(=O)c2cnnc(-c3ccccc3)c2)CCNC(=O)[CH]NC(=O)[CH]N1,1
O=C1[CH]NC(=O)[CH]NC(=O)[C](Cc2ccccc2)NC(=O)[CH]NC(=O)[C](NC(=O)[CH]NC(=O)[CH]NC(=O)[CH]NS(=O)(=O)c2cccc(-c3ccccc3)c2)CCNC(=O)[CH]NC(=O)[CH]N1,1
O=C1[CH]NC(=O)[CH]NC(=O)[C](Cc2ccccc2)NC(=O)[C](Cc2ccccc2)NC(=O)[CH]CCNC(=O)[CH]NC(=O)[CH]N1,1
O=C1[CH][CH]C=C[CH]C(=O)CC([CH]C[C]2C[CH][CH]CC2)OC(=O)[C]2CCCCN2C(=O)C(=O)C2[CH]CC[C](C[CH]C=CC=CC=C[CH]C[CH]1)O2,1
O=C1[CH][CH]CC(NC2CCCCC2)=C1,1
O=C1[CH][CH]CC(NNc2ccccc2)=C1,1
O=C1[CH][CH]O1,1
O=C1[CH][C]2C[C]3Cc4ccccc4C=C3C(=O)C2C(=O)C1,1
O=C1[C](N[CH]CCc2ccccc2)CCCN2CCC[CH]N12,1
O=C1c2ccccc2C(=O)c2cc3c(cc21)CCC[C]3O[C]1C[CH][CH][CH]O1,1
O=P1(COCCn2cnc3cncnc32)OCCC(c2cccnc2)O1,1
O=P1(COCCn2cnc3cncnc32)OCCC(c2ccncc2)O1,1
O=P1(COCCn2cnc3cncnc32)OCCC(c2ccoc2)O1,1
O=P1(COCCn2cnc3cncnc32)OCCC(c2ccsc2)O1,1
O=S(=O)(Nc1cccc(-c2ncsc2-c2ccncn2)c1)c1ccccc1,1
O=S(=O)(Nc1ccccc1)c1nc2ncccn2n1,1
O=S(=O)(Nc1ccno1)c1ccccc1,1
O=S(=O)(Nc1nc2ccncn2n1)c1ccccc1,1
O=S(=O)(OCC1CCCOC1)c1ccccc1,1
O=S(=O)(OC[C]1CO[CH]CO1)c1ccccc1,1
O=S(=O)(c1ccc(OCc2cccc(-c3ccccc3)c2)cc1)C1CC1,1
O=S1(=O)CCc2ccc(OCc3cccc(-c4ccccc4)c3)cc21,1
O=S1OCC2C3C=CC(C3)C2CO1,1
O=c1[nH]c(=O)[nH]c(=O)[nH]1,1
O=c1[nH]cnn1-c1ccccc1,1
O=c1c(-c2ccccc2)c[nH]cc1-c1ccccc1,1
O=c1c(-c2ccccc2)coc2c(C3CCCCO3)cccc12,1
O=c1c2ccccc2nc2n1CCc1c-2[nH]c2ccccc12,1
O=c1cc[nH]c2cc(N3CCNCC3)ccc12,1
O=c1ccc2cc3c(cc2o1)OC(COC1CCCCO1)C3,1
O=c1ccc2ccccc2o1,1
O=c1cccc2c(c1)CCCc1ccccc1-2,1
O=c1cccc2c(c1)[CH]CCc1ccccc1-2,1
O=c1ccn(-c2ccccc2)c2nc(N3C[C]4C[C]4C3)ccc12,1
O=c1ccn(-c2ccccc2)nc1,1
O=c1ccn(C2CC2)c2cc(N3C[CH]N[CH]C3)ccc12,1
O=c1ccn(C2CC2)c2cc(N3C[C]4CCCN[C]4C3)ccc12,1
O=c1ccn(C2CCCO2)c(=O)[nH]1,1
O=c1ccn2c3c(c(N4CCNCC4)ccc13)OCC2,1
O=c1ccn2c3c(c(N4CCNCC4)ccc13)OC[CH]2,1
O=c1ccs[nH]1,1
O=c1cnnc[nH]1,1
O=c1n(-c2ccccc2)nc2n1CCCC2,1
O=c1nc[nH]c2[nH]cc(CCc3ccccc3)c12,1
O=c1ncccn1[C]1CS[CH]O1,1
O=c1ncccn1[C]1C[CH][CH]O1,1
O=c1ncccn1[C]1[CH][CH][CH]O1,1
O=c1ncnc2[nH][nH]cc1-2,1
O=c1ncnc[nH]1,1
O=c1ncncn1[C]1[CH][CH][CH]O1,1
[CH]1CCC2[C](C1)C[CH][C]1[C]3CC[CH]C3CC[C]12,1
[CH]1CCCN1,1
[CH]1COc2cc(OCc3cccc(-c4ccccc4)c3)ccc21,1
[CH]1[CH]O[C](n2cnc3cncnc32)C1,1
[CH]1[CH][CH][C](O[C]2[CH]C[CH][C](O[C]3[CH]C[CH][CH]O3)[CH]2)O[CH]1,1
[CH]1[CH][CH][C](O[C]2[CH]C[CH][C](O[C]3[CH][CH][CH][CH]O3)[CH]2)O[CH]1,1
[CH]1[CH][CH][C](c2cccc(Cc3ccc(-c4ccccc4)s3)c2)O[CH]1,1
[CH]1[CH][CH][C](c2cccc(Cc3ccc(O[C]4CCOC4)cc3)c2)O[CH]1,1
[CH]1[CH][CH][C](c2cccc(Cc3ccccc3)c2)O[CH]1,1
[CH]1[CH][C](O[C]2[CH]C[CH][C](O[C]3[CH]CC[CH]O3)[CH]2)OCC1,1
[CH]1[CH][C]2[CH]C[CH]C=C2C=C1,1
c1cc(-c2cc[nH+]cc2)cc[nH+]1,1
c1cc2c(c(-c3cc[nH]c3)c1)OCO2,1
c1ccc(-c2c[nH]c3ccccc23)cc1,1
c1ccc(-c2cc(C3CC3)nc3ccccc23)cc1,1
c1ccc(-c2cc[nH]n2)cc1,1
c1ccc(-c2ccc(Cn3cnc4ccc(-c5nc6ccccc6[nH]5)cc43)cc2)cc1,1
c1ccc(-c2cccc(COc3ccc4c(c3)CCC4)c2)cc1,1
c1ccc(-c2cccc(COc3ccc4c(c3)SCC4)c2)cc1,1
c1ccc(-c2ccncc2)cc1,1
c1ccc(-c2ccncn2)cc1,1
c1ccc(-c2conc2-c2ccccc2)cc1,1
c1ccc(-c2nc(-c3ccccc3)n(-c3ccccc3)n2)cc1,1
c1ccc(-c2nc3ccccc3o2)cc1,1
c1ccc(-c2nn[nH]n2)c(-c2ccc(Cn3ccnc3)cc2)c1,1
c1ccc(-c2nn[nH]n2)c(-c2ccc(Cn3cnc4ccccc43)cc2)c1,1
c1ccc(-c2nnc(-c3ccccc3)nn2)cc1,1
c1ccc(-c2nnn[nH]2)c(-c2ccc(Cn3ccnc3)cc2)c1,1
c1ccc(-n2cccn2)cc1,1
c1ccc(C(Cc2ccncn2)Cn2cncn2)cc1,1
c1ccc(C(c2ccccc2)c2cncnc2)cc1,1
c1ccc(C2(Cn3cncn3)CCCO2)cc1,1
c1ccc(C2CC2Nc2ncnc3c2nnn3C2CCCC2)cc1,1
c1ccc(C2OCc3ccccc32)cc1,1
c1ccc(CCOCc2cccc(Oc3ccccc3)c2)cc1,1
c1ccc(COC2CC3CCC2O3)cc1,1
c1ccc(COc2ccccc2)cc1,1
c1ccc(Cc2cccc(C3CCCCO3)c2)cc1,1
c1ccc(N=Nc2ccccc2)cc1,1
c1ccc(NCc2cnc3ncncc3n2)cc1,1
c1ccc(Nc2ccnc3cc(OCCCN4CCNCC4)ccc23)cc1,1
c1ccc(Nc2ccnc3ccccc23)cc1,1
c1ccc(Nc2nccc(C3CC3)n2)cc1,1
c1ccc(Nc2ncnc3cc(OC4CCOC4)ccc23)cc1,1
c1ccc(Nc2ncnc3ccccc23)cc1,1
c1ccc(OCCCOc2ccccn2)cc1,1
c1ccc(OCc2cccc(-c3ccc(OCC4CC4)cc3)c2)cc1,1
c1ccc(OCc2cccc(-n3cccc3)c2)cc1,1
c1ccc(OCc2cccc(Oc3ccccc3)c2)cc1,1
c1ccc(Oc2ccccn2)cc1,1
c1ccc(Oc2nc3ccccc3o2)cc1,1
c1ccc(Sc2ncccn2)cc1,1
c1ccc([C](c2ccccc2)N2CCNCC2)cc1,1
c1ccc([C]2CCNC[C]2COc2ccc3c(c2)OCO3)cc1,1
c1ccc2c(c1)CC1NC2Cc2c1ccc1c2OCO1,1
c1ccc2c(c1)CCO2,1
c1ccc2c(c1)NC1NCCC23C2NCCC13c1ccccc1N2,1
c1ccc2c(c1)ccc1ccc3c(c12)OCO3,1
c1ccc2c3c([nH]c2c1)C1CC2CCCCC2CN1CC3,1
c1ccc2cc(-c3ccc4ccccc4c3)ccc2c1,1
c1ccc2occc2c1,1
c1ccc2snnc2c1,1
c1ccoc1,1
c1ccsc1,1
c1cnc2cc3c(cc2n1)C1CNCC3C1,1
c1cncc(C2=NCCS2)c1,1
c1cscn1,1
