canonical_smiles,label,prob_pca,pred_pca,prob_autoencoder,pred_autoencoder
COc1cc(C=O)ccc1O,0,0.1667323887281871,0,0.501976154223048,1
COC(=O)c1ccc(O)cc1,0,0.312322534445036,0,0.3286503007550293,0
Cc1c[n]c(c[n+]1[O-])C(O)=O,0,0.012749971848331277,0,0.021685853290685946,0
Nc1ccc(O)cc1[N+]([O-])=O,0,0.34191628615801734,0,0.6394172821938839,1
CCC1(C)CC(=O)NC(=O)C1,0,0.01401834084566977,0,0.07575558100681844,0
CC(CC1CCCCC1)NC,0,0.10775651087367019,0,0.11730318704902863,0
OS(=O)(=O)c1ccccc1,0,0.13077265139861724,0,0.43401377576651085,0
SC(=S)N1CCCCC1,0,0.27661200740375147,0,0.07124831605772082,0
CN1CCCC1c1c[n]ccc1,0,0.009320810469761976,0,0.006730884024760267,0
CN1CSC(=S)N(C)C1,0,0.12495375080528305,0,0.09917053720977148,0
CNC(C)(C)Cc1ccccc1,0,0.014332708277652153,0,0.18891450701635334,0
CCOC(=O)c1ccc(N)cc1,0,0.010894817486237758,0,0.0160633443815982,0
NC(=N)NCCC[C@](N)C(O)=O |^1:7|,0,0.006402359320458879,0,0.013636041067958442,0
NC1=NC(=O)C(O1)c1ccccc1,0,0.11628735600171447,0,0.23913284953332908,0
CN(C)C(C)C(=O)c1ccccc1,0,0.12386157953500894,0,0.04134394548904572,0
CC(=O)OCCCc1ccccc1,0,0.17982305890091155,0,0.25929091911447816,0
Cc1cccc(CC(C)(C)CO)c1,0,0.051732486728231095,0,0.837826923932876,1
CC(C)NNC(=O)c1cc[n]cc1,0,0.2844375609412451,0,0.12080736891054263,0
CNC(C)Cc1ccccc1OC,0,0.04352755460337245,0,0.039752175580895215,0
"OC[C@@](O)[C@@](O)[C@](O)[C@@](O)C=O |^1:2,4,6,8|",0,0.6843978063167323,1,0.5217804706430957,1
OCC(O)C(O)C(O)C(O)C=O,0,0.20970032128268956,0,0.2292817555304898,0
CN1c2[n]c[n](C)c2C(=O)NC1=O,0,0.4695227317679917,0,0.12396130488047966,0
CCCOC(=O)c1ccc(O)cc1,0,0.6028820491595002,1,0.07497749286724123,0
CCC(=O)C=Cc1ccc(cc1)OC,0,0.5016074763423848,1,0.38774755053539905,0
CC1C=CCC(C)(C)C=1C(=O)/C=C/C,0,0.4645422816938275,0,0.06857348753336906,0
CC1CCCC(C)(C)C=1C(=O)/C=C/C,0,0.4992478615468406,0,0.07616448053983485,0
CC1=CCCC(C)(C)C1C(=O)/C=C/C,0,0.5764644974354197,1,0.14210310122360292,0
CC1C=CCC(C)(C)C1C(=O)/C=C/C,0,0.5708421395775919,1,0.41234443748440025,0
CCCCOC(=O)c1ccc(N)cc1,0,0.14093106085267548,0,0.21809332989091385,0
CCCN1C(=O)NC(=O)c2[n]c[nH]c12,0,0.15303456400125792,0,0.1717968121444901,0
"[O-]C(=O)[C@](O)[C@@](O)[C@](O)[C@](O)CO |^1:3,5,7,9|",0,0.3188574475413637,0,0.6753545171461666,1
C1=Nc2ccccc2Oc2ccccc21,0,0.5654213723231268,1,0.17323822213563997,0
CC(C)=CCC/C(/C)=C/COC(C)=O,0,0.9600451053504904,1,0.38886294674714494,0
[O-]C1=NC(=O)N(Cl)C(=O)N1Cl,0,0.948541863704615,1,0.27003070855642436,0
[O-]C(=O)C1C(=CCO)OC2CC(=O)N12,0,0.7424374148426484,1,0.48271743738667944,0
Nc1ccc(Cc2ccc(N)cc2)cc1,0,0.019120445640820053,0,0.1821059852440833,0
Oc1ccc(cc1)OCc1ccccc1,0,0.0105202008789803,0,0.02075137090257242,0
C1CCC(c2ccccc21)C1NCCN=1,0,0.0083738856215143,0,0.0038028616343473575,0
CC(O)(P([O-])(O)=O)P([O-])(O)=O,0,0.5276633082874288,1,0.9508460696999628,1
CCN1C(=O)NC(c2ccccc2)C1=O,0,0.008770177070211571,0,0.010742843591267344,0
CN(C)CCc1c[nH]c2ccc(O)cc12,0,0.011075545880975495,0,0.056503057192079806,0
CC(C)(CO)C(O)C(=O)NCCCO,0,0.01316447594999563,0,0.00835960381573983,0
NC(N)=NC(N)=NCCc1ccccc1,0,0.02989405504082948,0,0.10620479951418353,0
CCCCCCCCCS([O-])(=O)=O,0,0.18557937723955856,0,0.4826180060344284,0
[O-][N+](=O)OCCNC(=O)c1c[n]ccc1,0,0.008990454138763192,0,0.026521846164713682,0
Nc1ccc(cc1)C(=O)OCC(O)CO,0,0.06744421131553713,0,0.10486119893214317,0
CC(N)(Cc1cc(O)c(O)cc1)C(O)=O,0,0.002758697842397659,0,0.004492235156974446,0
CC(C)NCC(O)c1ccc(O)c(O)c1,0,0.0028376751930644767,0,0.002774467863130569,0
CC(Cc1ccccc1)NCCCCl,0,0.01554784353173667,0,0.03601718249152912,0
CCCOC(=O)c1cc(O)c(O)c(O)c1,0,0.6895510366929636,1,0.2393435660044149,0
O=C(OCc1ccccc1)c1ccccc1,0,0.3951000151520717,0,0.03750058990935688,0
"N[C@](C(O)=O)[C@](O)c1cc(O)c(O)cc1 |^1:1,5|",0,0.012221055237678751,0,0.010278662097802765,0
CCCCCCCCN1SC=CC1=O,0,0.2905964418023303,0,0.42191951189388005,0
[O-][N+](=O)c1c[n]c([s]1)N1CCNC1=O,0,0.053291385579960875,0,0.03469484431649583,0
Oc1ccccc1N=Nc1ccccc1O,0,0.9234452344149918,1,0.6509454091858439,1
CC(=O)NS(=O)(=O)c1ccc(N)cc1,0,0.07136377520185978,0,0.05932599704213228,0
CC(=CC(=O)OC)OP(=O)(OC)OC,0,0.7515372913787732,1,0.8970421622671528,1
CN(C)C(=S)SSC(=S)N(C)C,0,0.31981865734487713,0,0.10828158895053108,0
O=C(OOC(=O)c1ccccc1)c1ccccc1,0,0.027799149461534216,0,0.025619802187964905,0
CCCCCCCCCCCCCCCCO,0,0.02802477868883795,0,0.02162489450502173,0
CC(=O)NCCc1cccc2ccc(cc12)OC,0,0.015718674352058207,0,0.01313594344423348,0
CCOC(=O)c1c[n]c[n]1[C@](C)c1ccccc1 |^1:10|,0,0.014846549194289708,0,0.007035812168491081,0
"OC(=O)CCCC[C@@]1SC[C@@]2NC(=O)N[C@@]21 |^1:7,10,15|",0,0.02144300624195402,0,0.015380876470073418,0
CC(C)(C)c1cc(C)c(CC2NCCN=2)c(C)c1,0,0.02698918445139784,0,0.031450324212064625,0
CC1OC(C(O)C1O)N1C=C(F)C(=O)NC1=O,0,0.9749097127342543,1,0.6191126717890066,1
"CC1(C)[C@]2C[C@]3(CC(C(C)=O)=C2C)[C@]1CC[C@]3C |^1:3,13,16|",0,0.5491324487421595,1,0.11167571038568459,0
[O-][N+](=O)c1cc(ccc1S(O)(=O)=O)[N+]([O-])=O,0,0.6573916560134503,1,0.41194861706111807,0
COc1ccc(/C=C/C(=O)OCCOCC)cc1,0,0.3406269602650152,0,0.5715569509747339,1
CCCCCCNC(=O)N1C=C(F)C(=O)NC1=O,0,0.15191207646774263,0,0.18334430312140765,0
CCCCOP(=O)(OCCCC)OCCCC,0,0.9507614438139151,1,0.7869278242808125,1
C/C=C(/C(=C/C)/c1ccc(O)cc1)\c1ccc(O)cc1,0,0.49050478067332576,0,0.55402785469204,1
CCOP(=O)(Oc1ccc(cc1)[N+]([O-])=O)OCC,0,0.30621789650443165,0,0.6016458919556762,1
CN1CC[C@@]2(C)c3cc(ccc3N(C)[C@]21)OC(=O)NC |^1:14|,0,0.015604831671322924,0,0.008426313657632665,0
CC1CC(C)(C)CC(C1)OC(=O)C(O)c1ccccc1,0,0.2048510696962689,0,0.06512914229523425,0
CCCCCCCCCC[N+](C)(C)Cc1ccccc1,0,0.17453255173602747,0,0.2754631417695494,0
CC(C)(C)NCC(O)c1cc(Cl)c(N)c(Cl)c1,0,0.019041122920068074,0,0.8568550109070786,1
CC(=O)Nc1ccc(cc1)C(=O)NCCN(CC)CC,0,0.15467093311460917,0,0.23220420475781595,0
CCCCCCCCOC(=O)c1ccc(cc1)N(C)C,0,0.06196821976658873,0,0.7265404273487969,1
C(C(C1CCCCC1)C1CCCCC1)C1CCCCN1,0,0.010889280461014363,0,0.01656609487819303,0
Oc1ccc(C(=O)c2cc(O)c(O)c(O)c2)c(O)c1O,0,0.16048270313632154,0,0.32280402282169607,0
CC(=O)CCCCN1C(=O)N(C)c2[n]c[n](C)c2C1=O,0,0.01847019232194518,0,0.0041323450828873445,0
Cc1ccc(cc1)C(=CCN1CCCC1)c1cccc[n]1,0,0.019448654475263553,0,0.01815859085317389,0
Cc1cc(OCCN(C)C)c(cc1OC(C)=O)C(C)C,0,0.10462234958389727,0,0.3181542028841285,0
NC(=O)CCC(NC(=O)OCc1ccccc1)C(O)=O,0,0.018899506088355077,0,0.03877965555079178,0
COc1ccc(C=CC(=O)OCC(CCCC)CC)cc1,0,0.4233889047405376,0,0.3346097317192336,0
CNC1C[N+]([O-])=C(c2cc(Cl)ccc2N=1)c1ccccc1,0,0.0039052891886193503,0,0.009900056133390114,0
CN1C(=O)C(O)N=C(c2cc(Cl)ccc12)c1ccccc1,0,0.006518049519730117,0,0.008269962969169022,0
"C[N+]1(C)[C@@]2CC(C[C@]1CC2)OC(=O)C(CO)c1ccccc1 |^1:3,7|",0,0.024781320735473934,0,0.031794672201034935,0
C[N+]1(C)C2CC(CC1CC2)OC(=O)C(CO)c1ccccc1,0,0.01831099800931297,0,0.018823565494305767,0
NS(=O)(=O)c1cc(Cl)c(Cl)c(c1)S(N)(=O)=O,0,0.004840365465494513,0,0.024238713927549678,0
COc1cc(OC)c(C(=O)CCCN2CCCC2)c(c1)OC,0,0.01981607246185983,0,0.28326620065210095,0
Cc1cc(ccc1)N(C)C(=S)Oc1cc2ccccc2cc1,0,0.44173229182683155,0,0.029649122291453812,0
CC(=O)CC(C1=C(O)c2ccccc2OC1=O)c1ccccc1,0,0.002317877679542953,0,0.004154000680760016,0
CCCCCCCCCCCC[N+](C)(C)C,0,0.10574420976526035,0,0.13539291899493194,0
CCCCOc1cc(ccc1N)C(=O)OCCN(CC)CC,0,0.020361841399122473,0,0.11301946068720388,0
CC(C)NCC(O)COc1cc(C)c(OC(C)=O)c(C)c1C,0,0.010666588696428154,0,0.0328830643126454,0
CC(C)(C)NCC(O)COc1cccc2CC(O)C(O)Cc21,0,0.003132271636578283,0,0.0029770552319554264,0
CN(C)CCCOc1[n][n](Cc2ccccc2)c2ccccc21,0,0.0029573273950649582,0,0.00043792344980816093,0
OC(CCCN1CCCCC1)(c1ccccc1)c1ccccc1,0,0.004516492700475431,0,0.00907831624822086,0
Nc1ccc(cc1)N=C1C=C(N)C(C=C1N)=Nc1ccc(N)cc1,0,0.2217120627674477,0,0.7903906792889919,1
CNC(=O)N1c2ccccc2CCc2ccc(cc12)NC(=O)OCC,0,0.06833851336905838,0,0.8372948225154484,1
OC1C(O)C(OC(CO)C1O)OC1C(CO)OC(O)(CO)C1O,0,0.011699406065159701,0,0.020525741077671612,0
OC1OC(CO)C(OC2OC(CO)C(O)C(O)C2O)C(O)C1O,0,0.29472794532392965,0,0.6769279179717957,1
CCCCOc1cc(C(=O)NCCN(CC)CC)c2ccccc2[n]1,0,0.17571227617682156,0,0.1546541704806769,0
"O[C@](CO)[C@@](O[C@@]1O[C@](CO)[C@](O)[C@](O)[C@]1O)[C@](O)[C@@](O)CO |^1:1,4,6,8,11,13,15,17,19|",0,0.3994793169953561,0,0.17627119721485898,0
CC(=O)C1CCC2C3CC(C)C4=CC(=O)CCC4(C)C3C(O)CC21C,0,0.04323144098718142,0,0.020350527383648134,0
CC(=O)C1(O)CCC2C3CC(C)C4=CC(=O)CCC4(C)C3CCC12C,0,0.0028814334939893903,0,0.010186570845011627,0
Cc1cc(ccc1)OCC(O)CNCCc1ccc(OC)c(c1)OC,0,0.19037241208325584,0,0.02928060373633697,0
"C[C@]12CC[C@@]3c4ccc(cc4CC[C@]3[C@@]1CCC2=O)OS(O)(=O)=O |^1:4,13,14|",0,0.003981919856487904,0,0.0026339025953002414,0
Oc1c(cc(Cl)cc1Cl)C(=O)Nc1cc(Cl)c(Cl)cc1,0,0.9187574562757292,1,0.9782669351664757,1
CN1CCN(CC(=O)N2c3[n]cccc3NC(=O)c3ccccc23)CC1,0,0.054089985874215006,0,0.001739990134678953,0
CC(C)(C)C(=O)Oc1ccc(cc1OC(=O)C(C)(C)C)C(O)CNC,0,0.03427823733211425,0,0.3166233547914346,0
OCCN1CCN(CCCN2c3ccccc3C=Cc3ccccc23)CC1,0,0.0005472940824077055,0,0.00256294064153664,0
"CC(=O)OC[C@]1O[C@]([C@](OC(C)=O)[C@@]1OC(C)=O)N1N=CC(=O)NC1=O |^1:5,7,8,13|",0,0.655302946902556,1,0.5242840376079035,1
CCCSP(=O)(Oc1ccc(Br)cc1Cl)OCC,0,0.8814263287415439,1,0.9241383391515352,1
COc1c(CS(=O)c2[n-]c3cc(ccc3[n]2)OC(F)F)[n]ccc1OC,0,0.49303967556390255,0,0.7453381156478386,1
COc1c(CS(=O)c2[nH]c3cc(ccc3[n]2)OC(F)F)[n]ccc1OC,0,0.0755022079898411,0,0.950999617445714,1
CCOP(=S)(OCC)SCSP(=S)(OCC)OCC,0,0.7239212865365665,1,0.3377145670631714,0
Oc1cc2Oc3cc(O)ccc3C3(OC(=O)c4cc(ccc34)N=C=S)c2cc1,0,0.2621712974424908,0,0.04667816116650273,0
CCCCC(COC(=O)c1ccccc1C(=O)OCC(CCCC)CC)CC,0,0.49633290784807765,0,0.16397850242407594,0
CCCCC(COC(=O)c1ccc(cc1)C(=O)OCC(CCCC)CC)CC,0,0.17259790680601508,0,0.2717630368657372,0
CC(CCC(O)=O)C1CCC2C3C(CCC21C)C1(C)CCC(O)CC1CC3O,0,0.004553160525081333,0,0.052947854077245934,0
COc1cc(ccc1Nc1c2ccccc2[n]c2ccccc21)NS(C)(=O)=O,0,0.018678000261205193,0,0.00888844171036543,0
O=C(OCCN1CCOCC1)c1ccc[n]c1Nc1cccc(c1)C(F)(F)F,0,0.5562283597910987,1,0.6599354172021431,1
CC12CCC3C(CCc4cc(O)ccc43)C1CCC2OC(=O)CCC1CCCC1,0,0.01632311605806022,0,0.0010142774225589818,0
COc1ccc2[n]ccc(C(O)C3CC4CCN3CC4C=C)c2c1,0,0.3207949037621845,0,0.11512792659233953,0
Clc1cc(Cl)c(cc1)C(C[n]1c[n]cc1)SCc1ccc(Cl)cc1,0,0.02084760415772042,0,0.11786455254015517,0
[O-]C(=O)c1ccc(cc1)NC(=O)[C@](Cc1ccc(O)cc1)NC(=O)c1ccccc1 |^1:12|,0,0.9410795652854673,1,0.9160879765789868,1
"C[C@](CSC(C)=O)C(=O)N1CCC[C@]1C(=O)N[C@@](Cc1ccccc1)C(O)=O |^1:1,13,17|",0,0.8373312887606814,1,0.4758614390951418,0
Oc1c(Cc2c(Cl)c(Cl)cc(Cl)c2O)c(Cl)c(Cl)cc1Cl,0,0.029238627541754523,0,0.02196612404052344,0
"C[C@]12CC[C@@]3[C@]4CCC(=O)C=C4CC[C@]3[C@@]1CC[C@]2(C#C)OC(=O)CCCCCC |^1:4,5,14,15|",0,0.004924677552376017,0,0.005290364470381626,0
CC1CN(CCN1)c1cc2c(cc1F)C(=O)C(=CN2c1ccc(F)cc1F)C(O)=O,0,0.9589038076112867,1,0.9775692947626574,1
CCC(c1ccc(cc1)OP(O)(O)=O)=C(CC)c1ccc(cc1)OP(O)(O)=O,0,0.6995365588657748,1,0.30755078848956546,0
Nc1[n]c2[n]cc(CNc3ccc(cc3)C(=O)NC(CCC(O)=O)C(O)=O)[n]c2c(N)[n]1,0,0.4606564563142798,0,0.6506886782843803,1
[O-]C(=O)C1=NN(c2ccc(cc2)S([O-])(=O)=O)C(=O)C1N=Nc1ccc(cc1)S([O-])(=O)=O,0,0.5125929459643213,1,0.08622222256795752,0
C[n]1[n][n][n]c1SCC1CS[C@]2N(C=1C([O-])=O)C(=O)[C@]2(NC(=O)CSCC#N)OC |^1:11|,0,0.4620601114192411,0,0.37746127384884015,0
O=C(Nc1cccc2c1OC(=CC2=O)c1[nH][n][n][n]1)c1ccc(cc1)OCCCCc1ccccc1,0,0.366144308947982,0,0.5622226603078955,1
CC1CC2C3CCC4=CC(=O)C=CC4(C)C3(F)C(O)CC2(C)C1(OC(=O)CC)C(=O)COC(=O)CC,0,0.022902599112775614,0,0.0011031173014192412,0
NC(Nc1ccc(Cl)cc1)=NC(N)=NCCCCCCN=C(N)N=C(N)Nc1ccc(Cl)cc1,0,0.24675422614349235,0,0.9132665562250404,1
"CC(=O)OCC(=O)[C@]1(CC[C@]2[C@@]3C[C@](F)C4=CC(=O)C=C[C@]4(C)[C@@]3(F)[C@@](O)C[C@]12C)OC(=O)CCC |^1:10,11,13,25|",0,0.09090466736849775,0,0.010558486055034642,0
CC12CCC3C(CCc4cc(ccc43)OC(=O)N(CCCl)CCCl)C1CCC2OP(O)(O)=O,0,0.170027881068128,0,0.06595690024945429,0
"C[C@@]1C[C@]2[C@@]3[C@](Cl)CC4=CC(=O)C=C[C@]4(C)[C@]3[C@@](O)C[C@]2(C)[C@@]1(OC(=O)CC)C(=O)COC(=O)CC |^1:1,3,4,5,16,17|",0,0.1322220163875784,0,0.0914415884915254,0
"CN(C)CC[n]1[n][n][n]c1SCC1CS[C@@]2[C@](NC(=O)Cc3c[s]c(N)[n]3)C(=O)N2C=1C(O)=O |^1:15,16|",0,0.44723151586248044,0,0.6827951606509661,1
CC12CCC3C(CCC4NC(=O)C=CC43C)C1CCC2C(=O)Nc1cc(ccc1C(F)(F)F)C(F)(F)F,0,0.6606693997684464,1,0.030339804001736973,0
CCC1CN2CCc3cc(OC)c(cc3C2CC1CC1NCCc2cc(OC)c(cc21)OC)OC,0,0.06776356602567103,0,0.34028024246569566,0
CC1OC(=O)OC=1COC(=O)c1c([n]c(CCC)[n]1Cc1ccc(cc1)-c1ccccc1-c1[nH][n][n][n]1)C(C)(C)O,0,0.9687577527234309,1,0.9967511039567217,1
CC1(C)CCC(=O)C(C)=C1C=CC(C)=CC=CC(C)=CC=CC=C(C)C=CC=C(C)C=CC1=C(C)C(=O)CCC1(C)C,0,0.6486250221419771,1,0.024453503808761653,0
CC(=O)Nc1c(I)c(C([O-])=O)c(I)c(NC(C)=O)c1I,0,0.39845250249384406,0,0.8860660085263602,1
"C[C@]1O[C@@]2[C@@](CO1)O[C@@](O[C@@]1c3cc4OCOc4cc3[C@@](c3cc(OC)c(OP(O)(O)=O)c(c3)OC)[C@]3C(=O)OC[C@]13)[C@](O)[C@]2O |^1:1,3,4,8,10,20,36,41,42,44|",0,0.9217395281181232,1,0.7101366186213787,1
CC1C=CC=CCCC=CC=CC=CC=CC(CC2OC(O)(CC(O)C(O)CCC(O)CC(O)CC(O)CC(=O)OC(C)C(C)C1O)CC(O)C2C(O)=O)OC1OC(C)C(O)C(N)C1O,0,0.9836987751444796,1,0.9003277442715507,1
"C[N+]1(CCc2cc(OC)c(cc2[C@]1Cc1cc(OC)c(OC)c(c1)OC)OC)CCCOC(=O)CC/C=C/CCC(=O)OCCC[N+]1(C)CCc2cc(OC)c(cc2[C@]1Cc1cc(OC)c(OC)c(c1)OC)OC |^1:12,58|",0,0.39852882125688444,0,0.09226563508370002,0
OC(=O)c1c(I)c(NC(=O)CCOCCOCCOCCOCCC(=O)Nc2c(I)c(c(I)cc2I)C(O)=O)c(I)cc1I,0,0.2658841006438,0,0.1987059387034435,0
[O-]C(=O)P([O-])([O-])=O,1,0.8729560364263129,1,0.9150568246825215,1
C=CC(N)CCC(O)=O,1,0.020036079398136224,0,0.06171840684095629,0
NCCCCCC(O)=O,1,0.9771087825551544,1,0.9739735489422853,1
ClC=C(Cl)Cl,1,0.9650978579784633,1,0.8257408622095892,1
CC(=O)Nc1ccccc1,1,0.9864358526767998,1,0.9859020481452928,1
CC1OC1P([O-])([O-])=O,1,0.47156372659213136,0,0.6376190345020903,1
O=C1NC=Nc2[nH][n]cc21,1,0.12529219352832416,0,0.021887391086053525,0
CCOC(=O)C=CC(O)=O,1,0.4441067246731202,0,0.4448151413369717,0
COC(=O)/C=C\C(=O)OC,1,0.962532975983848,1,0.6272978783592625,1
CCC(O)(/C=C/Cl)C#C,1,0.8779585128560938,1,0.3279119554128201,0
CC(=O)OCc1ccccc1,1,0.26317210804456953,0,0.023544351939594872,0
CC(=O)Nc1ccc(O)cc1,1,0.5260401377682298,1,0.8776776633371083,1
ClC(Cl)(Cl)Cl,1,0.9681887995346081,1,0.9459660605482763,1
Cc1cc(O)cc(C)c1Cl,1,0.6204728345724126,1,0.923828666137481,1
NCC1CCC(CC1)C(O)=O,1,0.10532422023840367,0,0.4071620456395491,0
C(C1NCCN=1)c1ccccc1,1,0.0052799987192848645,0,0.00485014285936664,0
CC(C[N+](C)(C)C)OC(N)=O,1,0.20680270791576708,0,0.8656826794110909,1
[O-]C(=O)CCCc1ccccc1,1,0.07889406679181396,0,0.12460490813075346,0
CC(=O)NC(CS)C(O)=O,1,0.4943934102374633,0,0.06830379258210673,0
COC(F)(F)C(Cl)Cl,1,0.9976725579484647,1,0.9973624205738901,1
OC(O)C(Cl)(Cl)Cl,1,0.9259970074467141,1,0.9182149610376769,1
ClC(Cl)=C(Cl)Cl,1,0.9162212540427372,1,0.8537981503545555,1
"CC1(C)[C@@]2C[C@@](CC2)[C@]1(C)NC |^1:3,5|",1,0.04843118405177294,0,0.2229304042377926,0
COC(=O)C(N)Cc1c[n]c[nH]1,1,0.0424288318528045,0,0.22115802998599296,0
NCC1(CC(O)=O)CCCCC1,1,0.016928204217895714,0,0.19511854074032417,0
CC(C)OP(=O)(F)OC(C)C,1,0.9941031269280818,1,0.888229117026042,1
FC(F)OC(Cl)C(F)(F)F,1,0.9966694267889793,1,0.9954330286957891,1
FCOC(C(F)(F)F)C(F)(F)F,1,0.9915022994932806,1,0.978988622761257,1
"C[C@](CS)C(=O)N1CCC[C@]1C(O)=O |^1:1,10|",1,0.9763112042817516,1,0.9701385325993997,1
NC1NC(=O)c2[n]c[n](COCCO)c2N=1,1,0.9901297406188677,1,0.9792041894198411,1
[O-][N+](=O)c1c[n]c[n]1CCN1CCOCC1,1,0.06401887298330972,0,0.12998520996611782,0
CC1=CC(=O)Oc2c1cc1cc(C)oc1c2C,1,0.1139720295522657,0,0.15013628829156278,0
CC(=O)CCc1cc2ccc(cc2cc1)OC,1,0.09860140012942341,0,0.5638591297559178,1
CNC(=O)CSP(=S)(OC)OC,1,0.7972968638718287,1,0.33250765834586044,0
CCN[C@@](C)Cc1cc(ccc1)C(F)(F)F |^1:3|,1,0.23407415252756508,0,0.28228596929444616,0
CCC(C)C(C)(COC(N)=O)COC(N)=O,1,0.2522168626537323,0,0.31334357245898153,0
Nc1[n]c2ccc(cc2[s]1)OC(F)(F)F,1,0.8397099405374852,1,0.9334885446429921,1
NCCC(O)(P(O)(O)=O)P(O)(O)=O,1,0.9739334997601112,1,0.9714434256172958,1
"OC[C@@]1CC[C@@](O1)[n]1c[n]c2C(=O)NC=Nc12 |^1:2,5|",1,0.5179486520130474,1,0.18790992518055757,0
CCC1(C(C)CCC)C(=O)[N-]C(=S)NC1=O,1,0.03252643875855301,0,0.20989558421390433,0
CC(C)(Oc1ccc(Cl)cc1)C(=O)OCC,1,0.9245054222243464,1,0.8401399409792598,1
NC1=NC(=O)N(C=C1F)C1CSC(CO)O1,1,0.9315145741838688,1,0.8802480440323951,1
CC1CCC(CC1)NC(=O)N(CCCl)N=O,1,0.7590688423827343,1,0.8585296122192779,1
NCCCC(O)(P([O-])(O)=O)P(O)(O)=O,1,0.3270500340394147,0,0.3797427057838396,0
Oc1ccc(cc1C(O)=O)-c1ccc(F)cc1F,1,0.9903945061730814,1,0.9855183835211837,1
NC1NC(=O)c2[n]c[n](COC(CO)CO)c2N=1,1,0.9967109402510718,1,0.9946683849095552,1
O=P1(NCCCl)OCCCN1CCCl,1,0.03789381542298411,0,0.03741790338541195,0
O=P1(NCCCO1)N(CCCl)CCCl,1,0.16838243904770725,0,0.014011486713847384,0
CCCSc1cc2[nH]c(NC(=O)OC)[n]c2cc1,1,0.09496844817303267,0,0.3932371397589047,0
"CC1=CN(C(=O)NC1=O)[C@]1C[C@](N=[N+]=[N-])[C@@](CO)O1 |^1:9,11,15|",1,0.0540574235678143,0,0.03539260539483969,0
CC(C(O)=O)c1cc2[nH]c3ccc(Cl)cc3c2cc1,1,0.015977063772898824,0,0.5876623542046306,1
C=C1C(CO)C(O)CC1[n]1c[n]c2C(=O)NC(N)=Nc12,1,0.9867915818785871,1,0.9377122091858678,1
Cc1cc(ccc1SC)OP(=S)(OC)OC,1,0.9806147747767341,1,0.9762587221652406,1
NC1C=CN(C[C@@](CO)OCP(O)(O)=O)C(=O)N=1 |^1:6|,1,0.9915980803624312,1,0.986570511714785,1
OC(=O)c1ccccc1Nc1cc(ccc1)C(F)(F)F,1,0.6787105194174627,1,0.9400949668765354,1
OC(=O)c1ccc[n]c1Nc1cc(ccc1)C(F)(F)F,1,0.8729990348719319,1,0.7275807437194614,1
OC(=O)c1cc(ccc1)-c1[n]oc([n]1)-c1ccccc1F,1,0.7866161681227006,1,0.28340132491859504,0
CN(C)CCCN1c2ccccc2Sc2ccccc12,1,0.0011202228817910314,0,0.0006539020831162117,0
"Nc1[n]c(Cl)[n]c2c1[n]c[n]2[C@]1C[C@](O)[C@@](CO)O1 |^1:11,13,15|",1,0.982955040557075,1,0.9824968005041269,1
CC(NCCc1ccc(O)cc1)C(O)c1ccc(O)cc1,1,0.0062021235876873575,0,0.011647754192623387,0
"COc1ccc2CN(C)CC[C@@]34C=C[C@](O)C[C@@]3Oc1c42 |^1:14,17|",1,0.03674363728529035,0,0.08938374855899585,0
CCC1(CC(O)=O)OCCc2c3cccc(CC)c3[nH]c12,1,0.04054171807989321,0,0.20102374656290942,0
CC12CCC3C(CCC4=CC(=O)CCC43C)C1CCC2O,1,0.003923375024029447,0,0.0012406359306693347,0
CC(C)(Oc1ccc(cc1)C1CC1(Cl)Cl)C(O)=O,1,0.7831676412971338,1,0.7141613049226652,1
C[N+](C)(C)CCOC(=O)CCC(=O)OCC[N+](C)(C)C,1,0.7714055220554802,1,0.48561591409008825,0
ClC1C(Cl)C(Cl)C(Cl)C(Cl)C1Cl,1,0.9936541444571506,1,0.9768317752947201,1
OC(=O)Cc1ccccc1Oc1ccc(Cl)cc1Cl,1,0.2616344147798716,0,0.633337403284508,1
[O-]c1ccc(cc1C(O)=O)N=Nc1cc(C(O)=O)c([O-])cc1,1,0.36352895584363143,0,0.1472641861068035,0
CC1CCCC(C)(C)C=1/C=C/C(/C)=C\C=C\C(\C)=C\C(O)=O,1,0.9828627849243262,1,0.9867376159928393,1
Nc1[n]c(Cl)[n]c2c1[n]c[n]2C1OC(CO)C(O)C1F,1,0.9878613515827275,1,0.9951542939740797,1
CCCCC1C(=O)N(c2ccccc2)N(c2ccccc2)C1=O,1,0.9790408049856827,1,0.96400308020739,1
"OC[C@@](O)[C@]1O[C@@]2O[C@@](O[C@@]2[C@]1O)C(Cl)(Cl)Cl |^1:2,4,6,8,10,11|",1,0.380353997861559,0,0.22915979414142348,0
Cc1[n]c(oc1COC(C)(C)C(O)=O)-c1ccc(Cl)cc1,1,0.8764109359595945,1,0.6409925942114576,1
CC(=O)NC1C(N)CC(=CC1OC(CC)CC)C(=O)OCC,1,0.23085739219742618,0,0.19974848161051872,0
O=C1Nc2ccc(Cl)cc2[C@](C#CC2CC2)(O1)C(F)(F)F,1,0.9873410716211172,1,0.9832370951236838,1
Cc1[n]c([s]c1C(O)=O)-c1cc(C#N)c(cc1)OCC(C)C,1,0.06774124920940607,0,0.6049593267973795,1
[O-]P(O)(=O)C(Sc1ccc(Cl)cc1)P([O-])(O)=O,1,0.324260616511294,0,0.5166169546140797,1
CCCCCN(C)CCC(O)(P([O-])(O)=O)P(O)(O)=O,1,0.9210000080958164,1,0.6058200245851602,1
CC1COc2c3c(cc(F)c2C2(N)CC2)C(=O)C(=CN31)C(O)=O,1,0.9957206165519814,1,0.9684402547881088,1
CCN1C=C(C(O)=O)C(=O)c2cc(F)c(cc12)N1CCNCC1,1,0.9845395723953496,1,0.985183958356872,1
CCN1C=C(C(O)=O)C(=O)c2cc(F)c([n]c12)N1CCNCC1,1,0.9495601702589154,1,0.6802496808877126,1
CC(C)C(N)C(=O)OCCOC[n]1c[n]c2c1N=C(N)NC2=O,1,0.9695191288616487,1,0.9895991479934628,1
CN(C)CCCC1(OCc2cc(ccc12)C#N)c1ccc(F)cc1,1,0.9700156840888192,1,0.9565721536469083,1
OC(=O)C1=CN(C2CC2)c2cc(c(F)cc2C1=O)N1CCNCC1,1,0.9972518178318914,1,0.9966442665308026,1
CN1CCN(CC1)c1cc2c(cc1F)C(=O)C(=CN2CC)C(O)=O,1,0.9080772250828864,1,0.6028285216809983,1
Cc1cc(NC(=O)C2=C(O)c3ccccc3S(=O)(=O)N2C)[n]o1,1,0.3228309696312498,0,0.2371503969425402,0
Cc1c[n]c(CS(=O)c2[nH]c3ccc(cc3[n]2)OC)c(C)c1OC,1,0.991295462249048,1,0.9944377632469013,1
Cc1cc2c(cc1C(=C)c1ccc(cc1)C(O)=O)C(C)(C)CCC2(C)C,1,0.2255836399245778,0,0.3307770735362134,0
C[C@@](c1[n]c[n]cc1F)[C@](O)(C[n]1c[n]c[n]1)c1ccc(F)cc1F |^1:1|,1,0.6185624396137589,1,0.9645015425708924,1
CCN1C=C(C(=O)c2cc(F)c(c(F)c12)N1CCNC(C)C1)C(O)=O,1,0.9453495028309292,1,0.9005004297851398,1
Cc1c[n]c(NC(=O)C2=C(O)c3ccccc3S(=O)(=O)N2C)[s]1,1,0.9792045850374658,1,0.9856803299118131,1
CC(C)C(N)C(=O)OCC(CO)OC[n]1c[n]c2c1N=C(N)NC2=O,1,0.9951492057633847,1,0.9971617207140759,1
OC(=O)CCNC(=O)c1ccc(cc1)N=Nc1cc(c(O)cc1)C(O)=O,1,0.9716046064545406,1,0.9741495043915686,1
Cc1c(cc[n]c1CS(=O)c1[n-]c2ccccc2[n]1)OCCCOC,1,0.6345768022276754,1,0.8347695381882018,1
Cc1c2c(cc(c1F)N1CCNC(C)C1)N(C=C(C(O)=O)C2=O)C1CC1,1,0.8937431297487752,1,0.9795130367556468,1
CC(C)OC(=O)C(C)(C)Oc1ccc(cc1)C(=O)c1ccc(Cl)cc1,1,0.9919406677990079,1,0.9968979413540857,1
CN1CCN(CC1)c1c(F)cc2c3c1OCC(C)N3C=C(C(O)=O)C2=O,1,0.9965569325675483,1,0.993849778562106,1
Cc1c(cc[n]c1CS(=O)c1[nH]c2ccccc2[n]1)OCC(F)(F)F,1,0.975848226298886,1,0.9919709164131273,1
Oc1ccccc1-c1[n]c(-c2ccccc2O)[n]([n]1)-c1ccc(cc1)C(O)=O,1,0.9901207341339143,1,0.9638114205552312,1
CC1CN(CCN1)c1c(F)cc2c(c1OC)N(C=C(C(O)=O)C2=O)C1CC1,1,0.9985590968165993,1,0.9967715115413888,1
CN1CCN(CC1)C(=O)O[C@]1c2[n]cc[n]c2C(=O)N1c1ccc(Cl)c[n]1 |^1:10|,1,0.9747845592210134,1,0.967692292809469,1
CON=C1CN(CC1CN)c1[n]c2c(cc1F)C(=O)C(=CN2C1CC1)C(O)=O,1,0.9978594421665896,1,0.9976607600912302,1
"C[C@@]1CN(C[C@](C)N1)c1c(F)c2c(c(N)c1F)C(=O)C(=CN2C1CC1)C(O)=O |^1:1,5|",1,0.9931990997423942,1,0.9919712737021775,1
OC(C(=O)OC1CC2CCC(C1)[N+]12CCCC1)(c1ccccc1)c1ccccc1,1,0.9730192240991461,1,0.9789182636191518,1
NC1CN(CC1)c1[n]c2c(cc1F)C(=O)C(=CN2c1ccc(F)cc1F)C(O)=O,1,0.9919602608823064,1,0.9865868074509497,1
NC1CN(CC21CC2)c1c(Cl)c2c(cc1F)C(=O)C(=CN2C1CC1F)C(O)=O,1,0.8236652028493032,1,0.9646710942954747,1
Nc1[n]c(c[s]1)C(=CCC(O)=O)C(=O)NC1C2SCC=C(C(O)=O)N2C1=O,1,0.9946363120071658,1,0.9901040590692055,1
CC(C)[n]1c2ccccc2c(c1C=CC(O)CC(O)CC(O)=O)-c1ccc(F)cc1,1,0.6956129381937499,1,0.22125464280021426,0
O=C(OC1OC(=O)c2ccccc21)c1ccc[n]c1Nc1cc(ccc1)C(F)(F)F,1,0.7929441966491365,1,0.6623801365334604,1
CCCCc1[n]c(Cl)c(CO)[n]1Cc1ccc(cc1)-c1ccccc1-c1[nH][n][n][n]1,1,0.7683683910392539,1,0.8495956706781199,1
"CO/N=C(/c1ccco1)\C(=O)N[C@@]1C(=O)N2C(C(O)=O)=C(COC(N)=O)CS[C@@]21 |^1:12,28|",1,0.8656795402400025,1,0.9656884636486102,1
COc1ccccc1OCC(O)CN1CCN(CC(=O)Nc2c(C)cccc2C)CC1,1,0.9707438024455031,1,0.9740320559147683,1
CCCCC1=NC2(CCCC2)C(=O)N1Cc1ccc(cc1)-c1ccccc1-c1[nH][n][n][n]1,1,0.6360935710152743,1,0.6912113129765681,1
CCCCC(=O)N(Cc1ccc(cc1)-c1ccccc1-c1[nH][n][n][n]1)[C@@](C(C)C)C(O)=O |^1:25|,1,0.9324416953572663,1,0.9032884629752671,1
Cc1[n][n]c(o1)C(=O)NC(C)(C)C1=NC(=C(O)C(=O)N1C)C(=O)NCc1ccc(F)cc1,1,0.8957086618150539,1,0.8798598442607063,1
"C=CC1CS[C@@]2[C@](NC(=O)/C(=N\OCC(O)=O)/c3c[s]c(N)[n]3)C(=O)N2C=1C(O)=O |^1:5,6|",1,0.9920201734917697,1,0.987202858039685,1
CN(Cc1c[n]c2[n]c(N)[n]c(N)c2[n]1)c1ccc(cc1)C(=O)N[C@@](CCC(O)=O)C(O)=O |^1:24|,1,0.16516392875623767,0,0.3288673134097619,0
Cc1[n][n]c([s]1)SCC1CSC2C(NC(=O)C[n]3c[n][n][n]3)C(=O)N2C=1C(O)=O,1,0.9899470165480209,1,0.989624977732489,1
CC(C)c1[n]c(C(C)C)c(COC)c(c1C=CC(O)CC(O)CC([O-])=O)-c1ccc(F)cc1,1,0.8621426716339776,1,0.9637662027700749,1
CNC(=O)c1cc(cc[n]1)Oc1ccc(cc1)NC(=O)Nc1cc(c(Cl)cc1)C(F)(F)F,1,0.9936128616102705,1,0.9560879473655036,1
CN1CCN(CC1)S(=O)(=O)c1cc(C2NC(=O)c3c(N=2)c(CCC)[n][n]3C)c(cc1)OCC,1,0.2738226413656251,0,0.07962554206676467,0
C#CCC(Cc1c[n]c2[n]c(N)[n]c(N)c2[n]1)c1ccc(cc1)C(=O)N[C@@](CCC(O)=O)C(O)=O |^1:26|,1,0.20564252373793815,0,0.5281655820268146,1
"CN(c1[n]c(c(/C=C/[C@@](O)C[C@@](O)CC([O-])=O)c([n]1)C(C)C)-c1ccc(F)cc1)S(C)(=O)=O |^1:8,11|",1,0.8976213050024513,1,0.9882117111957994,1
Cc1[n]c(CCC)[n]2N=C(NC(=O)c21)c1cc(ccc1OCC)S(=O)(=O)N1CCN(CC1)CC,1,0.28752012422881484,0,0.5668661925639401,1
CN1CCN(Cc2ccc(cc2)C(=O)Nc2cc(Nc3[n]c(cc[n]3)-c3c[n]ccc3)c(C)cc2)CC1,1,0.6253882065214317,1,0.25450659985558705,0
CC(C)(C)C(=O)OCOP(=O)(COCC[n]1c[n]c2c(N)[n]c[n]c12)OCOC(=O)C(C)(C)C,1,0.9885458904472207,1,0.996475555624516,1
"CC1CS[C@@]2[C@](NC(=O)/C(=N\OC)/c3c[s]c(N)[n]3)C(=O)N2C=1C(=O)OCOC(=O)C(C)(C)C |^1:4,5|",1,0.9889431263618405,1,0.9937148519961981,1
CC(C[n]1c[n]c2c(N)[n]c[n]c12)OCP(=O)(OCOC(=O)OC(C)C)OCOC(=O)OC(C)C,1,0.9927622811434132,1,0.9842916107888482,1
"CC(C)(O/N=C(/c1c[s]c(N)[n]1)\C(=O)N[C@@]1C(=O)N2C(=C(CS[C@@]21)C[n+]1ccccc1)C([O-])=O)C([O-])=O |^1:15,23|",1,0.9804201861401812,1,0.9868557474128618,1
CN1NC(=O)C(=O)N=C1SCC1CSC2C(NC(=O)C(=NOC)c3c[s]c(N)[n]3)C(=O)N2C=1C([O-])=O,1,0.9943733077292005,1,0.9979858007077753,1
"CC(C)OC(=O)OC(C)OC(=O)C1=C(CS[C@@]2[C@](NC(=O)/C(=N\OC)/c3c[s]c(N)[n]3)C(=O)N21)COC |^1:16,17|",1,0.9748935632267949,1,0.9853280967718977,1
CC(=O)N(O)CCCCCNC(=O)CCC(=O)N(O)CCCCCNC(=O)CCC(=O)N(O)CCCCCN,1,0.9831957394714169,1,0.9830046940265497,1
CS(=O)(=O)CCNCc1ccc(o1)-c1cc2c(Nc3cc(Cl)c(cc3)OCc3cccc(F)c3)[n]c[n]c2cc1,1,0.916313219213271,1,0.5338992818739157,1
CC(C)(O)c1ccccc1CC[C@@](SCC1(CC([O-])=O)CC1)c1cc(ccc1)/C=C/c1ccc2ccc(Cl)cc2[n]1 |^1:12|,1,0.38419363554035757,0,0.4820500534657823,0
CCc1c2cc(ccc2[n]c2C3=CC4=C(COC(=O)[C@]4(O)CC)C(=O)N3Cc21)OC(=O)N1CCC(CC1)N1CCCCC1,1,0.989405152669308,1,0.9800730139526251,1
CC(OC(=O)OC1CCCCC1)OC(=O)c1cccc2[n]c(OCC)[n](Cc3ccc(cc3)-c3ccccc3-c3[nH][n][n][n]3)c12,1,0.9822955918651171,1,0.8652764147640726,1
"Cc1[n]c[s]c1/C=C\C1CS[C@@]2[C@](NC(=O)/C(=N\OC)/c3c[s]c(N)[n]3)C(=O)N2C=1C(=O)OCOC(=O)C(C)(C)C |^1:11,12|",1,0.9984631511894723,1,0.9990020732932353,1
CC(O)C(CC)N1N=CN(C1=O)c1ccc(cc1)N1CCN(CC1)c1ccc(cc1)OCC1CC(C[n]2c[n]c[n]2)(OC1)c1ccc(F)cc1F,1,0.46291077375457296,0,0.9277123509100575,1
C[C@](O)C(=O)Nc1c(I)c(c(I)c(c1I)C(=O)NC(CO)CO)C(=O)NC(CO)CO |^1:1|,1,0.29720138188671286,0,0.8328502815839737,1
CC(=O)N(CC(O)CO)c1c(I)c(c(I)c(c1I)C(=O)NCC(O)CO)C(=O)NCCO,1,0.9844071514146724,1,0.9936661657697158,1
COCC(=O)Nc1c(I)c(c(I)c(c1I)C(=O)N(C)CC(O)CO)C(=O)NCC(O)CO,1,0.8272676751866521,1,0.9930156260015585,1
CC(=O)OC1CC(=O)OC(C)CC=CC=CC(O)C(C)CC(CC=O)C(OC2OC(C)C(OC3CC(C)(O)C(OC(=O)CC(C)C)C(C)O3)C(C2O)N(C)C)C1OC,1,0.9461306432352606,1,0.9614074933312776,1
Cc1c(CC(=O)OCCN2CCN(CCCOC(=O)CCC(NC(=O)c3ccccc3)C(=O)N(CCC)CCC)CC2)c2cc(ccc2[n]1C(=O)c1ccc(Cl)cc1)OC,1,0.18655217791127376,0,0.9167248549978203,1
"CC[C@](C)[C@]1O[C@@]2(C[C@@]3C[C@@](CC=C(C)[C@@](O[C@]4C[C@](OC)[C@@](O[C@]5C[C@](OC)[C@@](O)[C@](C)O5)[C@](C)O4)[C@@](C)C=CC=C4CO[C@@]5[C@](O)C(C)=C[C@@](C(=O)O3)[C@@]54O)O2)CC[C@@]1C |c:12,43,t:41,^1:2,4,8,10,15,17,19,22,24,26,29,31,34,37,45,46,51,60|",1,0.9356863264098245,1,0.03398154825670775,0
"CC1=C[C@@](C)C(=O)C[C@](OC(=O)[C@@]2CCCCN2C(=O)C(=O)[C@]2(O)O[C@](C[C@](OC)C(C)=CC=CC=C[C@@](C)C[C@@](C)C(=O)[C@](OC)[C@@]1O)CC[C@]2C)[C@](C)C[C@]1C[C@@](OC)[C@](O)CC1 |c:1,t:32,34,36,^1:3,8,12,25,27,37,40,44,47,51,53,56,58,61|",1,0.9906789588775526,1,0.9942321441304656,1
CC1C=CC=CC=CC=CC=CC=CC=CC(CC2OC(O)(CC(O)C2C(O)=O)CC(O)CC(O)C(O)CCC(O)CC(O)CC(=O)OC(C)C(C)C1O)OC1OC(C)C(O)C(N)C1O,1,0.9911005221093048,1,0.9899026658614289,1
"CC1=CC=CC=C[C@@](C)C[C@@](C)C(=O)[C@](OC)[C@](O)C(C)=C[C@@](C)C(=O)C[C@](OC(=O)[C@@]2CCCCN2C(=O)C(=O)[C@]2(O)O[C@](C[C@@]1OC)CC[C@]2C)[C@](C)C[C@]1C[C@@](OC)[C@@](CC1)OCCO |c:1,t:3,5,20,^1:7,10,14,17,22,27,31,44,46,51,53,56,58,61|",1,0.9944177923642217,1,0.9964644810727366,1
CC(O)C1NC(=O)C(CCCCN)NC(=O)C(Cc2c[nH]c3ccccc23)NC(=O)C(Cc2ccccc2)NC(=O)C(CSSCC(NC1=O)C(=O)NC(CO)C(C)O)NC(=O)C(N)Cc1ccccc1,1,0.9941324923634934,1,0.9871266385319906,1
OC(=O)c1c(I)c(NC(=O)CCCCC(=O)Nc2c(I)c(c(I)cc2I)C(O)=O)c(I)cc1I,1,0.09703835991820665,0,0.4881740556009063,0
"C/C=C/C[C@@](C)[C@@](O)[C@]1C(=O)N[C@@](CC)C(=O)N(C)CC(=O)N(C)[C@@](CC(C)C)C(=O)N[C@@](C(C)C)C(=O)N(C)[C@@](CC(C)C)C(=O)N[C@@](C)C(=O)N[C@](C)C(=O)N(C)[C@@](CC(C)C)C(=O)N(C)[C@@](CC(C)C)C(=O)N(C)[C@@](C(C)C)C(=O)N1C |^1:4,6,8,12,24,32,40,48,53,59,68,77|",1,0.9694227979755949,1,0.51389604458982,1
