,scaffold,frequency
0,c1ccccc1,52
1,C1CO1,1
2,O=c1[nH]cnc2[nH]ncc12,1
3,C1CCCCC1,5
4,c1ccc(CC2=NCCN2)cc1,2
5,C1C[C]2CC[C]1C2,1
6,O=c1[nH]cnc2[nH]cnc12,4
7,c1cn(CCN2CCOCC2)cn1,1
8,c1ccc2scnc2c1,1
9,O=c1[nH]cnc2c1ncn2[C]1CC[CH]O1,1
10,O=C1CC(=O)NC(=S)[N-]1,1
11,O=c1ncccn1C1CSCO1,1
12,O=[PH]1NCCCO1,2
13,c1ccc2c(c1)[nH]c1ccccc12,1
14,C=C1CCCC1n1cnc2c(=O)[nH]cnc21,1
15,c1ccc(Nc2ccccn2)cc1,1
16,c1ccc(-c2noc(-c3ccccc3)n2)cc1,1
17,c1ccc(CCNCCc2ccccc2)cc1,1
18,[CH]1C=CC23CCNCc4cccc(c42)O[C]3C1,1
19,c1ccc2c3c([nH]c2c1)COCC3,1
20,O=C1C=C2CCC3C4CCCC4CCC3C2CC1,3
21,c1ccc(C2CC2)cc1,1
22,C1=CCCCC1,5
23,O=C1CC(=O)N(c2ccccc2)N1c1ccccc1,1
24,[CH]1[CH][C]2O[CH]O[C]2O1,1
25,c1ccc(-c2ncco2)cc1,1
26,c1ccc(-c2nccs2)cc1,1
27,O=c1ccn2c3c(c(C4CC4)ccc13)OCC2,1
28,O=c1cc[nH]c2cc(N3CCNCC3)ccc12,3
29,O=c1cc[nH]c2nc(N3CCNCC3)ccc12,1
30,c1ccc(C2OCc3ccccc32)cc1,1
31,O=c1ccn(C2CC2)c2cc(N3CCNCC3)ccc12,3
32,O=C(Nc1ccon1)C1=Cc2ccccc2S(=O)(=O)N1,1
33,O=S(Cc1ccccn1)c1nc2ccccc2[nH]1,3
34,C=C(c1ccccc1)c1ccc2c(c1)CCCC2,1
35,[CH](c1ccncn1)C(Cn1cncn1)c1ccccc1,1
36,O=C(Nc1nccs1)C1=Cc2ccccc2S(=O)(=O)N1,1
37,O=S(Cc1ccccn1)c1nc2ccccc2[n-]1,2
38,O=C(c1ccccc1)c1ccccc1,2
39,O=c1ccn(-c2ccccc2)c2nc(N3CCCC3)ccc12,1
40,O=c1ccn(C2CC2)c2cc(N3CCC4(CC4)C3)ccc12,1
41,C=C(C(=O)NC1C(=O)N2C=CCSC12)c1cscn1,1
42,c1ccc(-c2c[nH]c3ccccc23)cc1,1
43,O=C1OC(OC(=O)c2cccnc2Nc2ccccc2)c2ccccc21,1
44,c1ccc(-c2nnn[nH]2)c(-c2ccc(Cn3ccnc3)cc2)c1,1
45,N=C(C(=O)N[C]1[C]2SCC=CN2C1=O)c1ccco1,1
46,O=C(CN1CCN(CCCOc2ccccc2)CC1)Nc1ccccc1,1
47,O=C1N(Cc2ccc(-c3ccccc3-c3nnn[nH]3)cc2)C=NC12CCCC2,1
48,c1ccc(-c2ccccc2-c2nnn[nH]2)cc1,1
49,O=C(NCc1ccccc1)c1cc(=O)[nH]c(CNC(=O)c2nnco2)n1,1
50,O=C(Nc1ccccc1)Nc1ccc(Oc2ccncc2)cc1,1
51,O=c1[nH]c(-c2cccc(S(=O)(=O)N3CCNCC3)c2)nc2cn[nH]c12,1
52,c1ccc(CCc2cnc3ncncc3n2)cc1,1
53,c1ccc(-c2ccncn2)cc1,1
54,O=c1[nH]c(-c2cccc(S(=O)(=O)N3CCNCC3)c2)nn2cncc12,1
55,O=C(Nc1cccc(Nc2nccc(-c3cccnc3)n2)c1)c1ccc(CN2CCNCC2)cc1,1
56,c1ncc2nc[nH]c2n1,2
57,N=C(C(=O)N[C]1[C]2SCC(C[n+]3ccccc3)=CN2C1=O)c1cscn1,1
58,N=C(C(=O)NC1C(=O)N2C=C(CSc3nc(=O)c(=O)[nH][nH]3)CSC12)c1cscn1,1
59,c1ccc(COc2ccc(Nc3ncnc4ccc(-c5ccco5)cc34)cc2)cc1,1
60,C(=Cc1ccc2ccccc2n1)c1cccc([C](CCc2ccccc2)SCC2CC2)c1,1
61,O=C(OCOC(=O)c1cccc2ncn(Cc3ccc(-c4ccccc4-c4nnn[nH]4)cc3)c12)OC1CCCCC1,1
62,O=c1[nH]ncn1-c1ccc(N2CCN(c3ccc(OCC4COC(Cn5cncn5)(c5ccccc5)C4)cc3)CC2)cc1,1
63,O=C1CCCC(OC2CCC(OC3CCCCO3)CO2)CCCCC=CC=CCCO1,1
64,O=C(CCCNC(=O)c1ccccc1)OCCCN1CCN(CCOC(=O)Cc2cn(C(=O)c3ccccc3)c3ccccc23)CC1,1
65,O=C1O[C]2C[C](CC=C[C](O[C]3C[CH][C](O[C]4C[CH][CH][CH]O4)[CH]O3)[CH]C=CC=C3CO[C]4[CH]C=C[C]1C43)OC1(CC[CH][CH]O1)C2,1
66,O=C(CCCCC(=O)Nc1ccccc1)Nc1ccccc1,1
67,O=C1[CH]NC(=O)[CH]NC(=O)[CH]NC(=O)[CH]NC(=O)[CH]NC(=O)CNC(=O)[CH]NC(=O)[CH]NC(=O)[CH]NC(=O)[CH]NC(=O)[CH]N1,1
68,c1c[nH+]ccn1,1
69,O=C1CCCC(=O)N1,1
70,C1CCNCC1,1
71,c1cncc(C2CCCN2)c1,1
72,S=C1NCNCS1,1
73,O=C1N=COC1c1ccccc1,1
74,c1ccncc1,2
75,O=c1[nH]c(=O)c2[nH]cnc2[nH]1,2
76,C1=CCCC=C1,1
77,O=c1[nH]c(=O)c2nc[nH]c2[nH]1,1
78,C1=Nc2ccccc2Oc2ccccc21,1
79,O=c1nc[nH]c(=O)[nH]1,1
80,C=C1CN2C(=O)CC2O1,1
81,c1ccc(Cc2ccccc2)cc1,2
82,c1ccc(COc2ccccc2)cc1,1
83,c1ccc2c(c1)CCCC2C1=NCCN1,1
84,O=C1NC(=O)C(c2ccccc2)N1,1
85,c1ccc2[nH]ccc2c1,1
86,O=C(OCc1ccccc1)c1ccccc1,1
87,O=c1ccs[nH]1,1
88,O=C1NCCN1c1nccs1,1
89,O=C(OOC(=O)c1ccccc1)c1ccccc1,1
90,[CH](c1ccccc1)n1ccnc1,1
91,O=C1N[C]2[CH]SC[C]2N1,1
92,O=c1ccn(C2CCCO2)c(=O)[nH]1,1
93,[CH]1CC[C]2C[C]3C=CCC12C3,1
94,O=c1cc[nH]c(=O)[nH]1,1
95,C=C(C(=C)c1ccccc1)c1ccccc1,1
96,c1ccc2c(c1)N[C]1NCCC12,1
97,O=C(Cc1ccccc1)OC1CCCCC1,1
98,C1CCC(C(CC2CCCCN2)C2CCCCC2)CC1,1
99,C(CN1CCCC1)=C(c1ccccc1)c1ccccn1,1
100,C1=Nc2ccccc2C(c2ccccc2)=[NH+]C1,1
101,O=C1CN=C(c2ccccc2)c2ccccc2N1,1
102,O=C(Cc1ccccc1)OC1C[C]2CC[C](C1)[NH2+]2,1
103,O=C(Cc1ccccc1)OC1CC2CCC(C1)[NH2+]2,1
104,O=C(CCCN1CCCC1)c1ccccc1,1
105,S=C(Nc1ccccc1)Oc1ccc2ccccc2c1,1
106,O=c1oc2ccccc2cc1Cc1ccccc1,1
107,c1ccc2c(c1)CCCC2,1
108,c1ccc(Cn2ncc3ccccc32)cc1,1
109,c1ccc(C(CCCN2CCCCC2)c2ccccc2)cc1,1
110,C1=CC(=Nc2ccccc2)C=CC1=Nc1ccccc1,1
111,c1ccc2c(c1)CCc1ccccc1N2,1
112,C1CCC(OC2CCOC2)OC1,1
113,C1CCC(OC2CCCOC2)OC1,1
114,c1ccc2ncccc2c1,1
115,[CH]1[CH][CH]O[CH][CH]1,1
116,c1ccc(CCNCCCOc2ccccc2)cc1,1
117,O=C1CC[C]2[C]3CCc4ccccc4[C]3CCC21,1
118,O=C(Nc1ccccc1)c1ccccc1,1
119,O=C1Nc2cccnc2N(C(=O)CN2CCNCC2)c2ccccc21,1
120,C1=Cc2ccccc2N(CCCN2CCNCC2)c2ccccc21,1
121,O=c1cnn([C]2[CH][CH][CH]O2)c(=O)[nH]1,1
122,O=C1OC2(c3ccccc3Oc3ccccc32)c2ccccc21,1
123,C1CCC2C(C1)CCC1C3CCCC3CCC21,1
124,c1ccc(Nc2c3ccccc3nc3ccccc23)cc1,1
125,O=C(OCCN1CCOCC1)c1cccnc1Nc1ccccc1,1
126,O=C(CCC1CCCC1)OC1CCC2C1CCC1c3ccccc3CCC12,1
127,c1ccc2c(CC3CC4CCN3CC4)ccnc2c1,1
128,c1ccc(CSC(Cn2ccnc2)c2ccccc2)cc1,1
129,O=C(Nc1ccccc1)[C](Cc1ccccc1)NC(=O)c1ccccc1,1
130,O=C(N[CH]Cc1ccccc1)[C]1CCCN1,1
131,O=C1C=C2CC[C]3[C](CCC4CCC[C]34)[C]2CC1,1
132,O=c1ccn(-c2ccccc2)c2cc(N3CCNCC3)ccc12,1
133,C(=Cc1ccccc1)c1ccccc1,1
134,O=C1C(N=Nc2ccccc2)C=NN1c1ccccc1,1
135,O=C1C[C]2SCC(CSc3nnn[nH]3)=CN21,1
136,O=C(Nc1cccc2c(=O)cc(-c3nnn[nH]3)oc12)c1ccc(OCCCCc2ccccc2)cc1,1
137,O=C1C=CC2C(=C1)CCC1C3CCCC3CCC21,1
138,C(=NC=NCCCCCCN=CN=CNc1ccccc1)Nc1ccccc1,2
139,O=C1C=CC2C(=C1)[CH]C[C]1[C]3CCCC3C[CH]C12,1
140,c1ccc2c(c1)CCC1C2CCC2CCCC21,1
141,O=C1C=CC2[C]3[CH]CC4C[CH]C[C]4[C]3[CH]CC2=C1,1
142,O=C(Cc1cscn1)N[C]1[C]2SCC(CSc3nnn[nH]3)=CN2C1=O,1
143,O=C1C=CC2C(CCC3C2CCC2C(C(=O)Nc4ccccc4)CCC23)N1,1
144,c1ccc2c(c1)CCNC2CC1CCN2CCc3ccccc3C2C1,1
145,O=C(OCc1coc(=O)o1)c1cncn1Cc1ccc(-c2ccccc2-c2nnn[nH]2)cc1,1
146,O=C1C=C(C=CC=CC=CC=CC=CC=CC=CC=CC=CC2=CC(=O)CCC2)CCC1,1
147,O=C1OC[C]2[C]1[C](c1ccccc1)c1cc3c(cc1[C]2O[C]1[CH][CH][C]2O[CH]OC[C]2O1)OCO3,1
148,O=C1CCCCCCCCCCCC2CCCC(CC(OC3CCCCO3)C=CC=CC=CC=CCCC=CC=CCCCCO1)O2,1
149,O=C(CCC=CCCC(=O)OCCC[NH+]1CCc2ccccc2[C]1Cc1ccccc1)OCCC[NH+]1CCc2ccccc2[C]1Cc1ccccc1,1
150,O=C(CCOCCOCCOCCOCCC(=O)Nc1ccccc1)Nc1ccccc1,1
