variant,base_model,calibration,threshold_objective,threshold,internal_auroc_mean,internal_auroc_std,internal_accuracy_mean,internal_accuracy_std,internal_f1_mean,internal_f1_std,internal_kappa_mean,internal_kappa_std,external_auroc,external_accuracy,external_f1,external_kappa,coverage
lgbm_morgan_r2_only__cal_sigmoid__thr_f1,lgbm_morgan_r2_only,sigmoid,f1,0.33,0.9046052631578947,0.0067061562467281375,0.8104575163398693,0.018486451795726666,0.8200888545489666,0.008085903312003801,0.6206584482492892,0.03727179361286763,0.8228947368421053,0.7317880794701986,0.7582089552238805,0.46437486314867527,1.0
knn_mean_r3__cal_none__thr_f1,knn_mean_r3,none,f1,0.5000000000000002,0.8858082706766917,0.0036853651445983805,0.8071895424836601,0.0046216129489316665,0.8074536800951895,0.014363294297432052,0.6143820710916412,0.008986965179570363,0.8521929824561404,0.7582781456953642,0.7542087542087542,0.5164714655437119,1.0
knn_mean_r3__cal_none__thr_kappa,knn_mean_r3,none,kappa,0.5000000000000002,0.8858082706766917,0.0036853651445983805,0.8071895424836601,0.0046216129489316665,0.8074536800951895,0.014363294297432052,0.6143820710916412,0.008986965179570363,0.8521929824561404,0.7582781456953642,0.7542087542087542,0.5164714655437119,1.0
blend_inverse_stacking__cal_none__thr_f1,blend_inverse_stacking,none,f1,0.4500000000000001,0.9075102529049898,0.002235385415575993,0.8104575163398693,0.009243225897863333,0.8060897435897436,0.020397310995765798,0.6210349541063086,0.018206273488014596,0.853421052631579,0.7781456953642384,0.7788778877887789,0.5563303074156909,1.0
blend_inverse_stacking__cal_sigmoid__thr_f1,blend_inverse_stacking,sigmoid,f1,0.4400000000000001,0.9075102529049898,0.002235385415575993,0.8104575163398693,0.009243225897863333,0.8060897435897436,0.020397310995765798,0.6210349541063086,0.018206273488014596,0.853421052631579,0.7781456953642384,0.7788778877887789,0.5563303074156909,1.0
blend_inverse_stacking__cal_sigmoid__thr_kappa,blend_inverse_stacking,sigmoid,kappa,0.4400000000000001,0.9075102529049898,0.002235385415575993,0.8104575163398693,0.009243225897863333,0.8060897435897436,0.020397310995765798,0.6210349541063086,0.018206273488014596,0.853421052631579,0.7781456953642384,0.7788778877887789,0.5563303074156909,1.0
blend_inverse_stacking__cal_none__thr_kappa,blend_inverse_stacking,none,kappa,0.49000000000000016,0.9075102529049898,0.002235385415575993,0.8137254901960784,0.0046216129489316665,0.8050578574094811,0.015176797281906077,0.6276766395884981,0.008990423209596482,0.853421052631579,0.7880794701986755,0.7837837837837838,0.576065976487103,1.0
distance_exponential_knn_r2__cal_none__thr_f1,distance_exponential_knn_r2,none,f1,0.4300000000000001,0.9151144907723856,0.004893681585450409,0.7973856209150327,0.0,0.8045366221199983,0.01390827471422168,0.5945805438183914,0.0003920674884226095,0.8479166666666667,0.7549668874172185,0.7658227848101266,0.5102559607293127,1.0
distance_exponential_knn_r2__cal_none__thr_kappa,distance_exponential_knn_r2,none,kappa,0.4300000000000001,0.9151144907723856,0.004893681585450409,0.7973856209150327,0.0,0.8045366221199983,0.01390827471422168,0.5945805438183914,0.0003920674884226095,0.8479166666666667,0.7549668874172185,0.7658227848101266,0.5102559607293127,1.0
stacking_combo_logreg__cal_none__thr_f1,stacking_combo_logreg,none,f1,0.4300000000000001,0.9064849624060151,0.0036853651445983016,0.8071895424836601,0.0046216129489316665,0.8034766454352442,0.016701832145860653,0.6144814077740955,0.00893815938335844,0.8509210526315789,0.7781456953642384,0.780327868852459,0.556369217276913,1.0
stacking_combo_logreg__cal_none__thr_kappa,stacking_combo_logreg,none,kappa,0.4300000000000001,0.9064849624060151,0.0036853651445983016,0.8071895424836601,0.0046216129489316665,0.8034766454352442,0.016701832145860653,0.6144814077740955,0.00893815938335844,0.8509210526315789,0.7781456953642384,0.780327868852459,0.556369217276913,1.0
stacking_combo_logreg__cal_sigmoid__thr_f1,stacking_combo_logreg,sigmoid,f1,0.4300000000000001,0.9064849624060151,0.0036853651445983016,0.8071895424836601,0.0046216129489316665,0.8034766454352442,0.016701832145860653,0.6144814077740955,0.00893815938335844,0.8509210526315789,0.7781456953642384,0.780327868852459,0.556369217276913,1.0
stacking_combo_logreg__cal_sigmoid__thr_kappa,stacking_combo_logreg,sigmoid,kappa,0.4300000000000001,0.9064849624060151,0.0036853651445983016,0.8071895424836601,0.0046216129489316665,0.8034766454352442,0.016701832145860653,0.6144814077740955,0.00893815938335844,0.8509210526315789,0.7781456953642384,0.780327868852459,0.556369217276913,1.0
blend_hybrid_stacking__cal_none__thr_f1,blend_hybrid_stacking,none,f1,0.4300000000000001,0.9063995215311005,0.0038061967886835204,0.8071895424836601,0.0046216129489316665,0.8034766454352442,0.016701832145860653,0.6144814077740955,0.00893815938335844,0.851140350877193,0.7781456953642384,0.780327868852459,0.556369217276913,1.0
blend_hybrid_stacking__cal_none__thr_kappa,blend_hybrid_stacking,none,kappa,0.4300000000000001,0.9063995215311005,0.0038061967886835204,0.8071895424836601,0.0046216129489316665,0.8034766454352442,0.016701832145860653,0.6144814077740955,0.00893815938335844,0.851140350877193,0.7781456953642384,0.780327868852459,0.556369217276913,1.0
blend_hybrid_stacking__cal_sigmoid__thr_f1,blend_hybrid_stacking,sigmoid,f1,0.4300000000000001,0.9063995215311005,0.0038061967886835204,0.8071895424836601,0.0046216129489316665,0.8034766454352442,0.016701832145860653,0.6144814077740955,0.00893815938335844,0.851140350877193,0.7781456953642384,0.780327868852459,0.556369217276913,1.0
blend_hybrid_stacking__cal_sigmoid__thr_kappa,blend_hybrid_stacking,sigmoid,kappa,0.4300000000000001,0.9063995215311005,0.0038061967886835204,0.8071895424836601,0.0046216129489316665,0.8034766454352442,0.016701832145860653,0.6144814077740955,0.00893815938335844,0.851140350877193,0.7781456953642384,0.780327868852459,0.556369217276913,1.0
blend_inverse_stacking__cal_isotonic__thr_f1,blend_inverse_stacking,isotonic,f1,0.37000000000000005,0.9043062200956937,0.00132914808493709,0.8071895424836601,0.0046216129489316665,0.8034766454352442,0.016701832145860653,0.6144814077740955,0.00893815938335844,0.8527412280701755,0.7814569536423841,0.7828947368421053,0.5629714085248202,1.0
stacking_combo_logreg__cal_isotonic__thr_f1,stacking_combo_logreg,isotonic,f1,0.35000000000000003,0.9014439507860561,0.006343661314472717,0.8071895424836601,0.0046216129489316665,0.8034766454352442,0.016701832145860653,0.6144814077740955,0.00893815938335844,0.8506578947368422,0.7781456953642384,0.780327868852459,0.556369217276913,1.0
blend_hybrid_stacking__cal_isotonic__thr_f1,blend_hybrid_stacking,isotonic,f1,0.35000000000000003,0.9013585099111414,0.006464492958557936,0.8071895424836601,0.0046216129489316665,0.8034766454352442,0.016701832145860653,0.6144814077740955,0.00893815938335844,0.8500657894736843,0.7781456953642384,0.780327868852459,0.556369217276913,1.0
concat_r2_desc_logreg__cal_none__thr_f1,concat_r2_desc_logreg,none,f1,0.4400000000000001,0.870087149692413,0.005860334738131843,0.803921568627451,0.009243225897863333,0.8015462798071493,0.025921822669567208,0.6079032050964182,0.01805775650068713,0.7545175438596492,0.695364238410596,0.7032258064516129,0.3909688733011837,1.0
concat_r2_desc_logreg__cal_none__thr_kappa,concat_r2_desc_logreg,none,kappa,0.4400000000000001,0.870087149692413,0.005860334738131843,0.803921568627451,0.009243225897863333,0.8015462798071493,0.025921822669567208,0.6079032050964182,0.01805775650068713,0.7545175438596492,0.695364238410596,0.7032258064516129,0.3909688733011837,1.0
descriptor_logreg__cal_isotonic__thr_f1,descriptor_logreg,isotonic,f1,0.34,0.8525290498974709,0.002054137949448244,0.7941176470588236,0.023108064744658412,0.8002904865649964,0.014378351396676384,0.588081892055671,0.04645597353912208,0.7166447368421052,0.6655629139072847,0.6688524590163935,0.33124314843236136,1.0
concat_r2_desc_logreg__cal_isotonic__thr_f1,concat_r2_desc_logreg,isotonic,f1,0.31,0.8674812030075187,0.0065249087806003876,0.8006535947712419,0.01386483884679508,0.799931833674165,0.031330566310242405,0.6013228416785023,0.02727205548666855,0.7445394736842107,0.6986754966887417,0.707395498392283,0.39761518565604315,1.0
knn_mean_r3__cal_sigmoid__thr_f1,knn_mean_r3,sigmoid,f1,0.4400000000000001,0.8858082706766917,0.0036853651445983805,0.8071895424836601,0.013864838846795,0.7979656588279209,0.02520668070299187,0.6146186896013,0.02745715317828156,0.8521929824561404,0.7483443708609272,0.7304964539007093,0.49626898428583976,1.0
knn_mean_r3__cal_sigmoid__thr_kappa,knn_mean_r3,sigmoid,kappa,0.4400000000000001,0.8858082706766917,0.0036853651445983805,0.8071895424836601,0.013864838846795,0.7979656588279209,0.02520668070299187,0.6146186896013,0.02745715317828156,0.8521929824561404,0.7483443708609272,0.7304964539007093,0.49626898428583976,1.0
lgbm_morgan_r2_only__cal_none__thr_f1,lgbm_morgan_r2_only,none,f1,0.39000000000000007,0.9046052631578947,0.0067061562467281375,0.8006535947712419,0.0046216129489316665,0.7978583916083917,0.020706361162368295,0.6013798390523435,0.008832323768832615,0.8228947368421053,0.7615894039735099,0.7692307692307693,0.5234087322461862,1.0
lgbm_morgan_r2_only__cal_none__thr_kappa,lgbm_morgan_r2_only,none,kappa,0.39000000000000007,0.9046052631578947,0.0067061562467281375,0.8006535947712419,0.0046216129489316665,0.7978583916083917,0.020706361162368295,0.6013798390523435,0.008832323768832615,0.8228947368421053,0.7615894039735099,0.7692307692307693,0.5234087322461862,1.0
concat_r2_desc_logreg__cal_sigmoid__thr_f1,concat_r2_desc_logreg,sigmoid,f1,0.4400000000000001,0.870087149692413,0.005860334738131843,0.8006535947712419,0.0046216129489316665,0.7978583916083917,0.020706361162368295,0.6013798390523435,0.008832323768832615,0.7545175438596492,0.695364238410596,0.7032258064516129,0.3909688733011837,1.0
descriptor_logreg__cal_none__thr_f1,descriptor_logreg,none,f1,0.4500000000000001,0.8525290498974709,0.0057999189160891544,0.7908496732026145,0.018486451795726746,0.796377517868746,0.00884457799729769,0.5815629730728429,0.037236829901595186,0.7180263157894736,0.6721854304635762,0.6732673267326733,0.34442836468885674,1.0
descriptor_logreg__cal_none__thr_kappa,descriptor_logreg,none,kappa,0.4500000000000001,0.8525290498974709,0.0057999189160891544,0.7908496732026145,0.018486451795726746,0.796377517868746,0.00884457799729769,0.5815629730728429,0.037236829901595186,0.7180263157894736,0.6721854304635762,0.6732673267326733,0.34442836468885674,1.0
meta_logreg_knn_plus_lgbm__cal_none__thr_f1,meta_logreg_knn_plus_lgbm,none,f1,0.5000000000000002,0.9047761449077238,0.004410355009109613,0.8104575163398693,0.018486451795726666,0.7957812116752514,0.035936356404673186,0.6212724621296376,0.03657401085123044,0.8603508771929824,0.7682119205298014,0.7619047619047619,0.5362814775818198,1.0
meta_logreg_knn_plus_lgbm__cal_none__thr_kappa,meta_logreg_knn_plus_lgbm,none,kappa,0.5000000000000002,0.9047761449077238,0.004410355009109613,0.8104575163398693,0.018486451795726666,0.7957812116752514,0.035936356404673186,0.6212724621296376,0.03657401085123044,0.8603508771929824,0.7682119205298014,0.7619047619047619,0.5362814775818198,1.0
meta_logreg_knn_plus_lgbm__cal_sigmoid__thr_f1,meta_logreg_knn_plus_lgbm,sigmoid,f1,0.5000000000000002,0.9047761449077238,0.004410355009109613,0.8104575163398693,0.018486451795726666,0.7957812116752514,0.035936356404673186,0.6212724621296376,0.03657401085123044,0.8603508771929824,0.7682119205298014,0.7619047619047619,0.5362814775818198,1.0
meta_logreg_knn_plus_lgbm__cal_sigmoid__thr_kappa,meta_logreg_knn_plus_lgbm,sigmoid,kappa,0.5000000000000002,0.9047761449077238,0.004410355009109613,0.8104575163398693,0.018486451795726666,0.7957812116752514,0.035936356404673186,0.6212724621296376,0.03657401085123044,0.8603508771929824,0.7682119205298014,0.7619047619047619,0.5362814775818198,1.0
distance_inverse_knn_r2__cal_none__thr_f1,distance_inverse_knn_r2,none,f1,0.5000000000000002,0.8980263157894737,0.005618671449961563,0.7973856209150327,0.009243225897863411,0.7939521800281294,0.02287405902572515,0.5948654469996455,0.018139920354233393,0.8493201754385965,0.7781456953642384,0.7774086378737541,0.5562913907284768,1.0
distance_inverse_knn_r2__cal_none__thr_kappa,distance_inverse_knn_r2,none,kappa,0.5000000000000002,0.8980263157894737,0.005618671449961563,0.7973856209150327,0.009243225897863411,0.7939521800281294,0.02287405902572515,0.5948654469996455,0.018139920354233393,0.8493201754385965,0.7781456953642384,0.7774086378737541,0.5562913907284768,1.0
descriptor_logreg__cal_sigmoid__thr_f1,descriptor_logreg,sigmoid,f1,0.4300000000000001,0.8523581681476418,0.005679087272004094,0.7908496732026145,0.009243225897863411,0.793577408471823,0.001590393859972175,0.5816412145388843,0.018691042443512895,0.7180263157894736,0.6721854304635762,0.6688963210702341,0.3443133470766262,1.0
descriptor_logreg__cal_isotonic__thr_kappa,descriptor_logreg,isotonic,kappa,0.46000000000000013,0.8525290498974709,0.002054137949448244,0.7973856209150327,0.0,0.79288227695871,0.013669072336865267,0.5948922364668701,0.00034253179483066475,0.7166447368421052,0.6887417218543046,0.6642857142857143,0.37690956979806844,1.0
knn_mean_r3__cal_isotonic__thr_f1,knn_mean_r3,isotonic,f1,0.4000000000000001,0.8828178400546822,0.0006645740424686235,0.8006535947712419,0.0046216129489316665,0.7926683245832182,0.01771511876970997,0.6015149672695165,0.008925691339102095,0.8491666666666666,0.7516556291390728,0.7368421052631579,0.5029624753127058,1.0
descriptor_logreg__cal_sigmoid__thr_kappa,descriptor_logreg,sigmoid,kappa,0.46000000000000013,0.8523581681476418,0.005679087272004094,0.7941176470588236,0.0046216129489317455,0.7903425688235814,0.010077382647697114,0.5883364522801142,0.009613810703731926,0.7180263157894736,0.6887417218543046,0.6642857142857143,0.37690956979806844,1.0
distance_exponential_knn_r2__cal_sigmoid__thr_f1,distance_exponential_knn_r2,sigmoid,f1,0.48000000000000015,0.9151144907723856,0.004893681585450409,0.803921568627451,0.018486451795726746,0.7878787878787878,0.042854956435548375,0.60821880301983,0.03641951899115611,0.8479166666666667,0.7682119205298014,0.75,0.5359964881474979,1.0
distance_exponential_knn_r2__cal_sigmoid__thr_kappa,distance_exponential_knn_r2,sigmoid,kappa,0.48000000000000015,0.9151144907723856,0.004893681585450409,0.803921568627451,0.018486451795726746,0.7878787878787878,0.042854956435548375,0.60821880301983,0.03641951899115611,0.8479166666666667,0.7682119205298014,0.75,0.5359964881474979,1.0
distance_exponential_knn_r2__cal_isotonic__thr_f1,distance_exponential_knn_r2,isotonic,f1,0.33,0.9091336295283663,0.00042291075429810784,0.8104575163398693,0.0,0.7871873158712304,0.021968071835031234,0.6214484063060461,0.0004567466921422953,0.8406140350877194,0.7649006622516556,0.7360594795539034,0.5291404980455883,1.0
distance_exponential_knn_r2__cal_isotonic__thr_kappa,distance_exponential_knn_r2,isotonic,kappa,0.33,0.9091336295283663,0.00042291075429810784,0.8104575163398693,0.0,0.7871873158712304,0.021968071835031234,0.6214484063060461,0.0004567466921422953,0.8406140350877194,0.7649006622516556,0.7360594795539034,0.5291404980455883,1.0
lgbm_morgan_r2_only__cal_sigmoid__thr_kappa,lgbm_morgan_r2_only,sigmoid,kappa,0.5000000000000002,0.9046052631578947,0.0067061562467281375,0.8006535947712419,0.01386483884679508,0.7863264511102455,0.03057610156279973,0.6016599104154419,0.027345339356026278,0.8228947368421053,0.7615894039735099,0.7534246575342466,0.522990522990523,1.0
hybrid_knn_prob_logreg__cal_none__thr_f1,hybrid_knn_prob_logreg,none,f1,0.49000000000000016,0.8932843472317157,0.004229107542981864,0.8006535947712419,0.023108064744658412,0.7856725146198831,0.04259181196620725,0.601671013183046,0.04576793277019467,0.8586842105263158,0.7748344370860927,0.7638888888888888,0.5494119712129191,1.0
hybrid_knn_prob_logreg__cal_none__thr_kappa,hybrid_knn_prob_logreg,none,kappa,0.49000000000000016,0.8932843472317157,0.004229107542981864,0.8006535947712419,0.023108064744658412,0.7856725146198831,0.04259181196620725,0.601671013183046,0.04576793277019467,0.8586842105263158,0.7748344370860927,0.7638888888888888,0.5494119712129191,1.0
hybrid_knn_prob_logreg__cal_sigmoid__thr_f1,hybrid_knn_prob_logreg,sigmoid,f1,0.49000000000000016,0.8932843472317157,0.004229107542981864,0.8006535947712419,0.023108064744658412,0.7856725146198831,0.04259181196620725,0.601671013183046,0.04576793277019467,0.8586842105263158,0.7715231788079471,0.7612456747404844,0.5428057396112159,1.0
hybrid_knn_prob_logreg__cal_sigmoid__thr_kappa,hybrid_knn_prob_logreg,sigmoid,kappa,0.49000000000000016,0.8932843472317157,0.004229107542981864,0.8006535947712419,0.023108064744658412,0.7856725146198831,0.04259181196620725,0.601671013183046,0.04576793277019467,0.8586842105263158,0.7715231788079471,0.7612456747404844,0.5428057396112159,1.0
weighted_knn_r2__cal_none__thr_f1,weighted_knn_r2,none,f1,0.49000000000000016,0.8945659603554341,0.001933306305363104,0.7875816993464052,0.0046216129489316665,0.7851153039832286,0.010376829074016445,0.5752316189933069,0.009626505493631227,0.8566008771929825,0.7715231788079471,0.7692307692307693,0.5430062722049213,1.0
weighted_knn_r2__cal_none__thr_kappa,weighted_knn_r2,none,kappa,0.49000000000000016,0.8945659603554341,0.001933306305363104,0.7875816993464052,0.0046216129489316665,0.7851153039832286,0.010376829074016445,0.5752316189933069,0.009626505493631227,0.8566008771929825,0.7715231788079471,0.7692307692307693,0.5430062722049213,1.0
hybrid_knn_prob_logreg__cal_isotonic__thr_f1,hybrid_knn_prob_logreg,isotonic,f1,0.3,0.8867053998632946,0.0028999594580446167,0.8071895424836601,0.032351290642521825,0.7850047056363065,0.05220301030196613,0.6149017321313991,0.06427123842325155,0.8460964912280702,0.7649006622516556,0.73992673992674,0.5292232029157335,1.0
hybrid_knn_prob_logreg__cal_isotonic__thr_kappa,hybrid_knn_prob_logreg,isotonic,kappa,0.3,0.8867053998632946,0.0028999594580446167,0.8071895424836601,0.032351290642521825,0.7850047056363065,0.05220301030196613,0.6149017321313991,0.06427123842325155,0.8460964912280702,0.7649006622516556,0.73992673992674,0.5292232029157335,1.0
blend_inverse_hybrid_logreg__cal_none__thr_f1,blend_inverse_hybrid_logreg,none,f1,0.5000000000000002,0.8958048530416951,0.0013895639069797776,0.7973856209150327,0.02772967769359008,0.7847063310450038,0.04395820188154355,0.5950885867578191,0.055076889494073585,0.8588157894736843,0.7781456953642384,0.7681660899653979,0.5560577471587169,1.0
blend_inverse_hybrid_logreg__cal_none__thr_kappa,blend_inverse_hybrid_logreg,none,kappa,0.5000000000000002,0.8958048530416951,0.0013895639069797776,0.7973856209150327,0.02772967769359008,0.7847063310450038,0.04395820188154355,0.5950885867578191,0.055076889494073585,0.8588157894736843,0.7781456953642384,0.7681660899653979,0.5560577471587169,1.0
blend_inverse_hybrid_logreg__cal_sigmoid__thr_f1,blend_inverse_hybrid_logreg,sigmoid,f1,0.5000000000000002,0.8958048530416951,0.0013895639069797776,0.8006535947712419,0.03235129064252174,0.7837303548482752,0.05297884156759934,0.6017144865781603,0.06423316512869107,0.8588157894736843,0.7682119205298014,0.7535211267605634,0.5360779494382022,1.0
blend_inverse_hybrid_logreg__cal_sigmoid__thr_kappa,blend_inverse_hybrid_logreg,sigmoid,kappa,0.5000000000000002,0.8958048530416951,0.0013895639069797776,0.8006535947712419,0.03235129064252174,0.7837303548482752,0.05297884156759934,0.6017144865781603,0.06423316512869107,0.8588157894736843,0.7682119205298014,0.7535211267605634,0.5360779494382022,1.0
concat_r2_desc_logreg__cal_sigmoid__thr_kappa,concat_r2_desc_logreg,sigmoid,kappa,0.5000000000000002,0.870087149692413,0.005860334738131843,0.7973856209150327,0.009243225897863411,0.7836687306501549,0.02681751724314313,0.5951086117645495,0.018080403952777796,0.7545175438596492,0.7086092715231788,0.6986301369863014,0.41698841698841704,1.0
knn_mean_r2_jaccard__cal_sigmoid__thr_f1,knn_mean_r2_jaccard,sigmoid,f1,0.4500000000000001,0.8908065618591934,0.00362494932255585,0.7973856209150327,0.03697290359145341,0.7797663435247328,0.055190536736906826,0.5952000649373512,0.07353118686111655,0.85625,0.7682119205298014,0.7535211267605634,0.5360779494382022,1.0
blend_inverse_stacking__cal_isotonic__thr_kappa,blend_inverse_stacking,isotonic,kappa,0.4200000000000001,0.9043062200956937,0.00132914808493709,0.8137254901960784,0.04159451654038516,0.7797647058823529,0.06189264061209308,0.6282090757539872,0.08277929507337273,0.8527412280701755,0.7417218543046358,0.6904761904761905,0.48233122362869196,1.0
lgbm_morgan_r2_only__cal_isotonic__thr_kappa,lgbm_morgan_r2_only,isotonic,kappa,0.48000000000000015,0.9010594668489404,0.009666531526815443,0.8104575163398693,0.02772967769359016,0.779418446160836,0.053008913628250956,0.6216076511761248,0.05495163128399195,0.8088377192982455,0.7450331125827815,0.7003891050583657,0.4890802829898493,1.0
lgbm_morgan_r2_only__cal_isotonic__thr_f1,lgbm_morgan_r2_only,isotonic,f1,0.37000000000000005,0.9010594668489404,0.009666531526815443,0.7973856209150327,0.018486451795726746,0.7773003938417472,0.03595029105925164,0.5952535503678771,0.036588373840025716,0.8088377192982455,0.7350993377483444,0.7101449275362319,0.4696171408500176,1.0
knn_mean_r2_jaccard__cal_none__thr_f1,knn_mean_r2_jaccard,none,f1,0.5000000000000002,0.8908065618591934,0.00362494932255585,0.7843137254901962,0.018486451795726746,0.7771604101730135,0.03590314957102049,0.5688108901800202,0.03654206184898176,0.85625,0.7682119205298014,0.7602739726027398,0.5362407862407863,1.0
knn_mean_r2_jaccard__cal_none__thr_kappa,knn_mean_r2_jaccard,none,kappa,0.5000000000000002,0.8908065618591934,0.00362494932255585,0.7843137254901962,0.018486451795726746,0.7771604101730135,0.03590314957102049,0.5688108901800202,0.03654206184898176,0.85625,0.7682119205298014,0.7602739726027398,0.5362407862407863,1.0
blend_inverse_hybrid_logreg__cal_isotonic__thr_f1,blend_inverse_hybrid_logreg,isotonic,f1,0.3,0.8826469583048531,0.0005437423983833265,0.8006535947712419,0.023108064744658412,0.7768235793044953,0.04063315048803104,0.6018694333128354,0.045840784685139885,0.8528947368421052,0.7715231788079471,0.7453874538745388,0.5424443370954284,1.0
blend_inverse_hybrid_logreg__cal_isotonic__thr_kappa,blend_inverse_hybrid_logreg,isotonic,kappa,0.3,0.8826469583048531,0.0005437423983833265,0.8006535947712419,0.023108064744658412,0.7768235793044953,0.04063315048803104,0.6018694333128354,0.045840784685139885,0.8528947368421052,0.7715231788079471,0.7453874538745388,0.5424443370954284,1.0
weighted_knn_r2__cal_sigmoid__thr_f1,weighted_knn_r2,sigmoid,f1,0.46000000000000013,0.8945659603554341,0.001933306305363104,0.7973856209150327,0.03697290359145341,0.7765843179377014,0.05620397616305538,0.5952691499381243,0.07351869509911724,0.8566008771929825,0.7715231788079471,0.7544483985765125,0.5426451867784557,1.0
stacking_combo_logreg__cal_isotonic__thr_kappa,stacking_combo_logreg,isotonic,kappa,0.4400000000000001,0.9014439507860561,0.006343661314472717,0.8104575163398693,0.046216129489316825,0.7746679316888045,0.06910056780096238,0.6217078964768923,0.09197335097845936,0.8506578947368422,0.7450331125827815,0.6956521739130435,0.4889904627961148,1.0
blend_hybrid_stacking__cal_isotonic__thr_kappa,blend_hybrid_stacking,isotonic,kappa,0.4400000000000001,0.9013585099111414,0.006464492958557936,0.8104575163398693,0.046216129489316825,0.7746679316888045,0.06910056780096238,0.6217078964768923,0.09197335097845936,0.8500657894736843,0.7450331125827815,0.6956521739130435,0.4889904627961148,1.0
distance_inverse_knn_r2__cal_sigmoid__thr_f1,distance_inverse_knn_r2,sigmoid,f1,0.46000000000000013,0.8968301435406698,0.003927028432768817,0.7908496732026143,0.03697290359145349,0.7730524642289349,0.05339836582887282,0.5821365767814022,0.07357058820846038,0.8519517543859649,0.7649006622516556,0.7436823104693141,0.5293058787373228,1.0
distance_inverse_knn_r2__cal_sigmoid__thr_kappa,distance_inverse_knn_r2,sigmoid,kappa,0.46000000000000013,0.8968301435406698,0.003927028432768817,0.7908496732026143,0.03697290359145349,0.7730524642289349,0.05339836582887282,0.5821365767814022,0.07357058820846038,0.8519517543859649,0.7649006622516556,0.7436823104693141,0.5293058787373228,1.0
knn_mean_r2_jaccard__cal_sigmoid__thr_kappa,knn_mean_r2_jaccard,sigmoid,kappa,0.48000000000000015,0.8908065618591934,0.00362494932255585,0.7973856209150327,0.009243225897863411,0.7727564102564102,0.02674314108333736,0.5953493458580013,0.018118662054543808,0.85625,0.7582781456953642,0.7286245353159851,0.5158768501032105,1.0
knn_mean_r2_jaccard__cal_isotonic__thr_f1,knn_mean_r2_jaccard,isotonic,f1,0.4000000000000001,0.8828178400546822,0.0012687322628944806,0.7973856209150327,0.009243225897863411,0.7727564102564102,0.02674314108333736,0.5953493458580013,0.018118662054543808,0.8471929824561404,0.7582781456953642,0.7286245353159851,0.5158768501032105,1.0
ens_r2_b1024_dice_k31_25_15_isotonic_thr040,protected_baseline,isotonic,fixed,0.4,0.8817071086807929,0.0016312271951500579,0.7973856209150327,0.009243225897863411,0.7727564102564102,0.02674314108333736,0.5953493458580013,0.018118662054543808,0.8516008771929825,0.7615894039735099,0.7313432835820896,0.522487702037948,1.0
knn_mean_r3__cal_isotonic__thr_kappa,knn_mean_r3,isotonic,kappa,0.48000000000000015,0.8828178400546822,0.0006645740424686235,0.8006535947712419,0.0046216129489316665,0.7727021040974529,0.01840200371858676,0.601956315297111,0.00896415611773457,0.8491666666666666,0.7450331125827815,0.7003891050583657,0.4890802829898493,1.0
weighted_knn_r2__cal_sigmoid__thr_kappa,weighted_knn_r2,sigmoid,kappa,0.5000000000000002,0.8945659603554341,0.001933306305363104,0.7973856209150327,0.009243225897863411,0.7712892741061754,0.024668297241827526,0.5953827906194675,0.01816596008979959,0.8566008771929825,0.7549668874172185,0.7196969696969697,0.5091372342294851,1.0
meta_logreg_knn_plus_lgbm__cal_isotonic__thr_f1,meta_logreg_knn_plus_lgbm,isotonic,f1,0.37000000000000005,0.8913619275461382,0.0001812474661276708,0.803921568627451,0.046216129489316825,0.7690710949662688,0.0758357039155266,0.608612012036888,0.09183795151022275,0.8477192982456141,0.7549668874172185,0.7196969696969697,0.5091372342294851,1.0
meta_logreg_knn_plus_lgbm__cal_isotonic__thr_kappa,meta_logreg_knn_plus_lgbm,isotonic,kappa,0.37000000000000005,0.8913619275461382,0.0001812474661276708,0.803921568627451,0.046216129489316825,0.7690710949662688,0.0758357039155266,0.608612012036888,0.09183795151022275,0.8477192982456141,0.7549668874172185,0.7196969696969697,0.5091372342294851,1.0
distance_inverse_knn_r2__cal_isotonic__thr_f1,distance_inverse_knn_r2,isotonic,f1,0.4000000000000001,0.888755980861244,0.010391521391326595,0.7941176470588236,0.03235129064252174,0.7678206644446834,0.04949215294618242,0.5888538333813268,0.06433591229651228,0.849407894736842,0.7682119205298014,0.7407407407407407,0.5357927097057532,1.0
distance_inverse_knn_r2__cal_isotonic__thr_kappa,distance_inverse_knn_r2,isotonic,kappa,0.4000000000000001,0.888755980861244,0.010391521391326595,0.7941176470588236,0.03235129064252174,0.7678206644446834,0.04949215294618242,0.5888538333813268,0.06433591229651228,0.849407894736842,0.7682119205298014,0.7407407407407407,0.5357927097057532,1.0
weighted_knn_r2__cal_isotonic__thr_f1,weighted_knn_r2,isotonic,f1,0.4000000000000001,0.8829032809295967,0.0030812069241724447,0.7941176470588236,0.01386483884679508,0.7644449373405788,0.03434765112118303,0.5889149868281811,0.027312815930204886,0.848969298245614,0.7516556291390728,0.7126436781609196,0.5024383814419402,1.0
weighted_knn_r2__cal_isotonic__thr_kappa,weighted_knn_r2,isotonic,kappa,0.4000000000000001,0.8829032809295967,0.0030812069241724447,0.7941176470588236,0.01386483884679508,0.7644449373405788,0.03434765112118303,0.5889149868281811,0.027312815930204886,0.848969298245614,0.7516556291390728,0.7126436781609196,0.5024383814419402,1.0
hybrid_knn_prob_lgbm__cal_sigmoid__thr_f1,hybrid_knn_prob_lgbm,sigmoid,f1,0.3,0.8559894053315106,0.04198899631960441,0.7549019607843137,0.04159451654038516,0.761611030478955,0.04361689143748667,0.5096438760021809,0.08312857016986026,0.8225657894736843,0.7483443708609272,0.7432432432432432,0.49657834707843485,1.0
hybrid_knn_prob_lgbm__cal_sigmoid__thr_kappa,hybrid_knn_prob_lgbm,sigmoid,kappa,0.3,0.8559894053315106,0.04198899631960441,0.7549019607843137,0.04159451654038516,0.761611030478955,0.04361689143748667,0.5096438760021809,0.08312857016986026,0.8225657894736843,0.7483443708609272,0.7432432432432432,0.49657834707843485,1.0
concat_r2_desc_logreg__cal_isotonic__thr_kappa,concat_r2_desc_logreg,isotonic,kappa,0.49000000000000016,0.8674812030075187,0.0065249087806003876,0.7843137254901961,0.0,0.7546941247728649,0.020557919743763968,0.5693079969888377,0.00041565501790600954,0.7445394736842107,0.6887417218543046,0.6384615384615384,0.3763620386643234,1.0
hybrid_knn_prob_lgbm__cal_none__thr_f1,hybrid_knn_prob_lgbm,none,f1,0.3,0.8559894053315106,0.04198899631960441,0.738562091503268,0.05545935538718024,0.7517746913580247,0.050523216001446235,0.4767822068570656,0.11105308984847725,0.8226973684210527,0.7450331125827815,0.7458745874587459,0.4901109503135552,1.0
hybrid_knn_prob_lgbm__cal_none__thr_kappa,hybrid_knn_prob_lgbm,none,kappa,0.3,0.8559894053315106,0.04198899631960441,0.738562091503268,0.05545935538718024,0.7517746913580247,0.050523216001446235,0.4767822068570656,0.11105308984847725,0.8226973684210527,0.7450331125827815,0.7458745874587459,0.4901109503135552,1.0
hybrid_knn_prob_lgbm__cal_isotonic__thr_f1,hybrid_knn_prob_lgbm,isotonic,f1,0.3,0.8043403964456597,0.05654920943187019,0.7320261437908497,0.06470258128504357,0.75,0.06036277400372972,0.4635710620831196,0.12952135499414963,0.7801754385964912,0.7417218543046358,0.7450980392156863,0.4835569586950802,1.0
hybrid_knn_prob_lgbm__cal_isotonic__thr_kappa,hybrid_knn_prob_lgbm,isotonic,kappa,0.3,0.8043403964456597,0.05654920943187019,0.7320261437908497,0.06470258128504357,0.75,0.06036277400372972,0.4635710620831196,0.12952135499414963,0.7801754385964912,0.7417218543046358,0.7450980392156863,0.4835569586950802,1.0
knn_mean_r2_jaccard__cal_isotonic__thr_kappa,knn_mean_r2_jaccard,isotonic,kappa,0.4300000000000001,0.8828178400546822,0.0012687322628944806,0.7875816993464053,0.01386483884679508,0.7475170515735312,0.037060281220498745,0.5760450803261725,0.027289533323557467,0.8471929824561404,0.7384105960264901,0.6827309236947792,0.47562530221108623,1.0
lgbm_morgan_r2_plus_knn_probs__cal_isotonic__thr_f1,lgbm_morgan_r2_plus_knn_probs,isotonic,f1,0.3,0.803485987696514,0.0768489256381825,0.6470588235294117,0.16637806616154055,0.7267839139688586,0.0641600193526497,0.291094064120199,0.3367761580662107,0.8289035087719299,0.7715231788079471,0.7315175097276264,0.542162850990904,1.0
lgbm_morgan_r2_plus_knn_probs__cal_none__thr_f1,lgbm_morgan_r2_plus_knn_probs,none,f1,0.5000000000000002,0.8281356801093642,0.060717901152809284,0.6437908496732025,0.16175645321260887,0.7258011323036333,0.06277015619283653,0.284493555113945,0.32744162871100047,0.8536403508771929,0.7748344370860927,0.7424242424242424,0.5489369179406081,1.0
lgbm_morgan_r2_plus_knn_probs__cal_none__thr_kappa,lgbm_morgan_r2_plus_knn_probs,none,kappa,0.5000000000000002,0.8281356801093642,0.060717901152809284,0.6437908496732025,0.16175645321260887,0.7258011323036333,0.06277015619283653,0.284493555113945,0.32744162871100047,0.8536403508771929,0.7748344370860927,0.7424242424242424,0.5489369179406081,1.0
lgbm_morgan_r2_plus_knn_probs__cal_sigmoid__thr_f1,lgbm_morgan_r2_plus_knn_probs,sigmoid,f1,0.32,0.8281356801093642,0.060717901152809284,0.6437908496732025,0.16175645321260887,0.7258011323036333,0.06277015619283653,0.284493555113945,0.32744162871100047,0.8536403508771929,0.7748344370860927,0.7424242424242424,0.5489369179406081,1.0
lgbm_morgan_r2_plus_knn_probs__cal_sigmoid__thr_kappa,lgbm_morgan_r2_plus_knn_probs,sigmoid,kappa,0.35000000000000003,0.8281356801093642,0.060717901152809284,0.6274509803921569,0.13864838846795047,0.6596734818431492,0.030748463936247413,0.2528455675988359,0.2826846155453188,0.8536403508771929,0.7019867549668874,0.5909090909090909,0.40184859154929575,1.0
lgbm_morgan_r2_plus_knn_probs__cal_isotonic__thr_kappa,lgbm_morgan_r2_plus_knn_probs,isotonic,kappa,0.49000000000000016,0.803485987696514,0.0768489256381825,0.6339869281045751,0.1109187107743604,0.6504182754182755,0.06120068344246507,0.26637351498198053,0.2269744974238795,0.8289035087719299,0.6887417218543046,0.5648148148148148,0.37515407642190524,1.0
