canonical_smiles,label,prob_nephrotoxic,pred_label
COc1cc(C=O)ccc1O,0,0.7913997567201071,1
COC(=O)c1ccc(O)cc1,0,0.5595918174934971,1
Cc1cnc(C(=O)O)c[n+]1[O-],0,0.050086606444715645,0
Nc1ccc(O)cc1[N+](=O)[O-],0,0.2503744925424056,0
CCC1(C)CC(=O)NC(=O)C1,0,0.690569765961359,1
CNC(C)CC1CCCCC1,0,0.013813688531384408,0
O=S(=O)(O)c1ccccc1,0,0.11697550262151182,0
S=C(S)N1CCCCC1,0,0.07262628480584783,0
CN1CCCC1c1cccnc1,0,0.01752485766301028,0
CN1CSC(=S)N(C)C1,0,0.5533197488481614,1
CNC(C)(C)Cc1ccccc1,0,0.6199887368883436,1
CCOC(=O)c1ccc(N)cc1,0,0.10301176018224316,0
N=C(N)NCCC[C](N)C(=O)O,0,0.01429807896060889,0
NC1=NC(=O)C(c2ccccc2)O1,0,0.2352439328307557,0
CC(C(=O)c1ccccc1)N(C)C,0,0.39816667089664814,0
CC(=O)OCCCc1ccccc1,0,0.8961206164043575,1
Cc1cccc(CC(C)(C)CO)c1,0,0.6187855112550855,1
CC(C)NNC(=O)c1ccncc1,0,0.09012576471279247,0
CNC(C)Cc1ccccc1OC,0,0.12724172142589674,0
O=C[C](O)[C](O)[C](O)[C](O)CO,0,0.049126462140549075,0
O=CC(O)C(O)C(O)C(O)CO,0,0.844354250055904,1
Cn1cnc2c1c(=O)[nH]c(=O)n2C,0,0.034543489362325965,0
CCCOC(=O)c1ccc(O)cc1,0,0.5011120991511786,0
CCC(=O)C=Cc1ccc(OC)cc1,0,0.08047281499839454,0
C/C=C/C(=O)C1=C(C)C=CCC1(C)C,0,0.22582643116255294,0
C/C=C/C(=O)C1=C(C)CCCC1(C)C,0,0.0738817787369885,0
C/C=C/C(=O)C1C(C)=CCCC1(C)C,0,0.9241333889211446,1
C/C=C/C(=O)C1C(C)C=CCC1(C)C,0,0.98551033170317,1
CCCCOC(=O)c1ccc(N)cc1,0,0.3365540555780764,0
CCCn1c(=O)[nH]c(=O)c2nc[nH]c21,0,0.9595182562471046,1
O=C([O-])[C](O)[C](O)[C](O)[C](O)CO,0,0.3465890989532381,0
C1=Nc2ccccc2Oc2ccccc21,0,0.005886327998493617,0
CC(=O)OC/C=C(\C)CCC=C(C)C,0,0.9979322958232798,1
O=c1nc([O-])n(Cl)c(=O)n1Cl,0,0.5150672937784819,0
O=C([O-])C1C(=CCO)OC2CC(=O)N21,0,0.019713304076282148,0
Nc1ccc(Cc2ccc(N)cc2)cc1,0,0.09325814971657699,0
Oc1ccc(OCc2ccccc2)cc1,0,0.15045900699629056,0
c1ccc2c(c1)CCCC2C1=NCCN1,0,0.0029885798958728957,0
CC(O)(P(=O)([O-])O)P(=O)([O-])O,0,0.9881664163438745,1
CCN1C(=O)NC(c2ccccc2)C1=O,0,0.02897242192836564,0
CN(C)CCc1c[nH]c2ccc(O)cc12,0,0.0008480871959065922,0
CC(C)(CO)C(O)C(=O)NCCCO,0,0.00450864592154552,0
NC(N)=NC(N)=NCCc1ccccc1,0,0.9445320020302803,1
CCCCCCCCCS(=O)(=O)[O-],0,0.572639795291272,1
O=C(NCCO[N+](=O)[O-])c1cccnc1,0,0.0059798338820804525,0
Nc1ccc(C(=O)OCC(O)CO)cc1,0,0.1620732193913409,0
CC(N)(Cc1ccc(O)c(O)c1)C(=O)O,0,0.0037468359793002832,0
CC(C)NCC(O)c1ccc(O)c(O)c1,0,1.5384122072228323e-05,0
CC(Cc1ccccc1)NCCCCl,0,0.09105210326638435,0
CCCOC(=O)c1cc(O)c(O)c(O)c1,0,0.5232033019152279,0
O=C(OCc1ccccc1)c1ccccc1,0,0.030117610116064637,0
N[C]([C](O)c1ccc(O)c(O)c1)C(=O)O,0,0.0005192933846007615,0
CCCCCCCCn1sccc1=O,0,0.9100363648531609,1
O=C1NCCN1c1ncc([N+](=O)[O-])s1,0,0.048367346174274455,0
Oc1ccccc1N=Nc1ccccc1O,0,0.0858183804106086,0
CC(=O)NS(=O)(=O)c1ccc(N)cc1,0,0.12231658428830669,0
COC(=O)C=C(C)OP(=O)(OC)OC,0,0.9926753176458994,1
CN(C)C(=S)SSC(=S)N(C)C,0,0.2514544832853006,0
O=C(OOC(=O)c1ccccc1)c1ccccc1,0,0.07500003019610266,0
CCCCCCCCCCCCCCCCO,0,0.15346619045026466,0
COc1ccc2cccc(CCNC(C)=O)c2c1,0,0.04203649543236379,0
CCOC(=O)c1cncn1[C](C)c1ccccc1,0,0.0072299470391141716,0
O=C(O)CCCC[C]1SC[C]2NC(=O)N[C]21,0,0.0015626774385696777,0
Cc1cc(C(C)(C)C)cc(C)c1CC1=NCCN1,0,0.046895723153868966,0
CC1OC(n2cc(F)c(=O)[nH]c2=O)C(O)C1O,0,0.005838912648708154,0
C[C]1CC[C]2C(C)(C)[C]3C[C@@]12CC(C(C)=O)=C3C,0,0.1306061063021967,0
O=[N+]([O-])c1ccc(S(=O)(=O)O)c([N+](=O)[O-])c1,0,0.7921881393011837,1
CCOCCOC(=O)/C=C/c1ccc(OC)cc1,0,0.22697843408348425,0
CCCCCCNC(=O)n1cc(F)c(=O)[nH]c1=O,0,0.006754818117580069,0
CCCCOP(=O)(OCCCC)OCCCC,0,0.9142604846432822,1
C/C=C(C(=C/C)/c1ccc(O)cc1)\c1ccc(O)cc1,0,0.7326855871532979,1
CCOP(=O)(OCC)Oc1ccc([N+](=O)[O-])cc1,0,0.8564184342753224,1
CNC(=O)Oc1ccc2c(c1)[C@]1(C)CCN(C)[C]1N2C,0,0.02049942498259885,0
CC1CC(OC(=O)C(O)c2ccccc2)CC(C)(C)C1,0,0.06665967722753899,0
CCCCCCCCCC[N+](C)(C)Cc1ccccc1,0,0.7037961710433696,1
CC(C)(C)NCC(O)c1cc(Cl)c(N)c(Cl)c1,0,0.001154709696635673,0
CCN(CC)CCNC(=O)c1ccc(NC(C)=O)cc1,0,0.11124959876048623,0
CCCCCCCCOC(=O)c1ccc(N(C)C)cc1,0,0.32140088428386315,0
C1CCC(C(CC2CCCCN2)C2CCCCC2)CC1,0,0.0257950139099933,0
O=C(c1cc(O)c(O)c(O)c1)c1ccc(O)c(O)c1O,0,0.07733558390186229,0
CC(=O)CCCCn1c(=O)c2c(ncn2C)n(C)c1=O,0,0.0008901070873940678,0
Cc1ccc(C(=CCN2CCCC2)c2ccccn2)cc1,0,0.020425536982567365,0
CC(=O)Oc1cc(C(C)C)c(OCCN(C)C)cc1C,0,0.030528737090023413,0
NC(=O)CCC(NC(=O)OCc1ccccc1)C(=O)O,0,0.022645529757432906,0
CCCCC(CC)COC(=O)C=Cc1ccc(OC)cc1,0,0.9984951683622465,1
CNC1=Nc2ccc(Cl)cc2C(c2ccccc2)=[N+]([O-])C1,0,0.02171576963001308,0
CN1C(=O)C(O)N=C(c2ccccc2)c2cc(Cl)ccc21,0,0.035031177844247065,0
C[N+]1(C)[C]2CC[C]1CC(OC(=O)C(CO)c1ccccc1)C2,0,0.01563285275063491,0
C[N+]1(C)C2CCC1CC(OC(=O)C(CO)c1ccccc1)C2,0,0.04065254846199402,0
NS(=O)(=O)c1cc(Cl)c(Cl)c(S(N)(=O)=O)c1,0,0.005739440710316202,0
COc1cc(OC)c(C(=O)CCCN2CCCC2)c(OC)c1,0,0.5466380287708611,1
Cc1cccc(N(C)C(=S)Oc2ccc3ccccc3c2)c1,0,0.9838329884197402,1
CC(=O)CC(c1ccccc1)c1c(O)c2ccccc2oc1=O,0,0.0020124767787049087,0
CCCCCCCCCCCC[N+](C)(C)C,0,0.6747984523663116,1
CCCCOc1cc(C(=O)OCCN(CC)CC)ccc1N,0,0.2074900347827898,0
CC(=O)Oc1c(C)cc(OCC(O)CNC(C)C)c(C)c1C,0,0.010964056303140351,0
CC(C)(C)NCC(O)COc1cccc2c1CC(O)C(O)C2,0,0.004051350559644288,0
CN(C)CCCOc1nn(Cc2ccccc2)c2ccccc12,0,0.01655725807317378,0
OC(CCCN1CCCCC1)(c1ccccc1)c1ccccc1,0,0.002539313118954131,0
NC1=CC(=Nc2ccc(N)cc2)C(N)=CC1=Nc1ccc(N)cc1,0,0.23840011446213005,0
CCOC(=O)Nc1ccc2c(c1)N(C(=O)NC)c1ccccc1CC2,0,0.025797883897569707,0
OCC1OC(OC2C(CO)OC(O)(CO)C2O)C(O)C(O)C1O,0,0.09161930122060133,0
OCC1OC(OC2C(CO)OC(O)C(O)C2O)C(O)C(O)C1O,0,0.6737373006567664,1
CCCCOc1cc(C(=O)NCCN(CC)CC)c2ccccc2n1,0,0.035106003483621015,0
OC[C](O)[C](O)[C](O[C]1O[C](CO)[C](O)[C](O)[C]1O)[C](O)CO,0,0.22389528448632534,0
CC(=O)C1CCC2C3CC(C)C4=CC(=O)CCC4(C)C3C(O)CC12C,0,0.2303439254106062,0
CC(=O)C1(O)CCC2C3CC(C)C4=CC(=O)CCC4(C)C3CCC21C,0,0.01739439814604197,0
COc1ccc(CCNCC(O)COc2cccc(C)c2)cc1OC,0,0.0026302420116139863,0
C[C@]12CC[C]3[C](CCc4cc(OS(=O)(=O)O)ccc43)[C]1CCC2=O,0,0.02475827441961634,0
O=C(Nc1ccc(Cl)c(Cl)c1)c1cc(Cl)cc(Cl)c1O,0,0.9927186035407637,1
CN1CCN(CC(=O)N2c3ccccc3C(=O)Nc3cccnc32)CC1,0,0.14231413920402106,0
CNCC(O)c1ccc(OC(=O)C(C)(C)C)c(OC(=O)C(C)(C)C)c1,0,0.002236416356382912,0
OCCN1CCN(CCCN2c3ccccc3C=Cc3ccccc32)CC1,0,0.005364386561576341,0
CC(=O)OC[C]1O[C](n2ncc(=O)[nH]c2=O)[C](OC(C)=O)[C]1OC(C)=O,0,0.02279139690236341,0
CCCSP(=O)(OCC)Oc1ccc(Br)cc1Cl,0,0.346215914946818,0
COc1ccnc(CS(=O)c2nc3ccc(OC(F)F)cc3[n-]2)c1OC,0,0.9422709145184336,1
COc1ccnc(CS(=O)c2nc3ccc(OC(F)F)cc3[nH]2)c1OC,0,0.9971380182908687,1
CCOP(=S)(OCC)SCSP(=S)(OCC)OCC,0,0.8636876366664267,1
O=C1OC2(c3ccc(O)cc3Oc3cc(O)ccc32)c2ccc(N=C=S)cc21,0,0.0004348407580568095,0
CCCCC(CC)COC(=O)c1ccccc1C(=O)OCC(CC)CCCC,0,0.9983385374662244,1
CCCCC(CC)COC(=O)c1ccc(C(=O)OCC(CC)CCCC)cc1,0,0.9965253484789284,1
CC(CCC(=O)O)C1CCC2C3C(O)CC4CC(O)CCC4(C)C3CCC12C,0,0.07431778284138725,0
COc1cc(NS(C)(=O)=O)ccc1Nc1c2ccccc2nc2ccccc12,0,0.00755849061263007,0
O=C(OCCN1CCOCC1)c1cccnc1Nc1cccc(C(F)(F)F)c1,0,0.651604283333931,1
CC12CCC3c4ccc(O)cc4CCC3C1CCC2OC(=O)CCC1CCCC1,0,0.00044317323761102005,0
C=CC1CN2CCC1CC2C(O)c1ccnc2ccc(OC)cc12,0,0.8822657676670348,1
Clc1ccc(CSC(Cn2ccnc2)c2ccc(Cl)cc2Cl)cc1,0,0.06159067416898076,0
O=C(Nc1ccc(C(=O)[O-])cc1)[C](Cc1ccc(O)cc1)NC(=O)c1ccccc1,0,0.6252070989951214,1
C[C](CSC(C)=O)C(=O)N1CCC[C]1C(=O)N[C](Cc1ccccc1)C(=O)O,0,0.9953074835615445,1
Oc1c(Cl)cc(Cl)c(Cl)c1Cc1c(O)c(Cl)cc(Cl)c1Cl,0,0.027720945919971395,0
C#C[C@]1(OC(=O)CCCCCC)CC[C]2[C]3CCC4=CC(=O)CC[C]4[C]3CC[C@@]21C,0,0.005501546263693115,0
CC1CN(c2cc3c(cc2F)c(=O)c(C(=O)O)cn3-c2ccc(F)cc2F)CCN1,0,0.9196093043394971,1
CCC(=C(CC)c1ccc(OP(=O)(O)O)cc1)c1ccc(OP(=O)(O)O)cc1,0,0.009121648814133836,0
Nc1nc(N)c2nc(CNc3ccc(C(=O)NC(CCC(=O)O)C(=O)O)cc3)cnc2n1,0,0.023845854993135802,0
O=C([O-])C1=NN(c2ccc(S(=O)(=O)[O-])cc2)C(=O)C1N=Nc1ccc(S(=O)(=O)[O-])cc1,0,0.9628766842399785,1
CO[C@]1(NC(=O)CSCC#N)[C]2SCC(CSc3nnnn3C)=C(C(=O)[O-])N2C1=O,0,0.9956227334295107,1
O=C(Nc1cccc2c(=O)cc(-c3nnn[nH]3)oc12)c1ccc(OCCCCc2ccccc2)cc1,0,0.9718613041436769,1
CCC(=O)OCC(=O)C1(OC(=O)CC)C(C)CC2C3CCC4=CC(=O)C=CC4(C)C3(F)C(O)CC21C,0,0.00012096089707995984,0
NC(=NCCCCCCN=C(N)N=C(N)Nc1ccc(Cl)cc1)N=C(N)Nc1ccc(Cl)cc1,0,0.20695174036516711,0
CCCC(=O)O[C@]1(C(=O)COC(C)=O)CC[C]2[C]3C[C](F)C4=CC(=O)C=C[C@]4(C)[C@@]3(F)[C](O)C[C@@]21C,0,0.0021855420826914886,0
CC12CCC3c4ccc(OC(=O)N(CCCl)CCCl)cc4CCC3C1CCC2OP(=O)(O)O,0,0.07626811180845781,0
CCC(=O)OCC(=O)[C@@]1(OC(=O)CC)[C](C)C[C]2[C]3[C](Cl)CC4=CC(=O)C=C[C@]4(C)[C]3[C](O)C[C@@]21C,0,0.22931543186535822,0
CN(C)CCn1nnnc1SCC1=C(C(=O)O)N2[C](SC1)[C](NC(=O)Cc1csc(N)n1)C2=O,0,0.4401128118280958,0
CC12C=CC(=O)NC1CCC1C2CCC2(C)C(C(=O)Nc3cc(C(F)(F)F)ccc3C(F)(F)F)CCC12,0,0.004923492798425896,0
CCC1CN2CCc3cc(OC)c(OC)cc3C2CC1CC1NCCc2cc(OC)c(OC)cc21,0,0.07998098001497064,0
CCCc1nc(C(C)(C)O)c(C(=O)OCc2oc(=O)oc2C)n1Cc1ccc(-c2ccccc2-c2nnn[nH]2)cc1,0,0.9913659651583795,1
CC(C=CC=C(C)C=CC1=C(C)C(=O)CCC1(C)C)=CC=CC=C(C)C=CC=C(C)C=CC1=C(C)C(=O)CCC1(C)C,0,0.9900358208875393,1
CC(=O)Nc1c(I)c(NC(C)=O)c(I)c(C(=O)[O-])c1I,0,0.9967841343794691,1
COc1cc([C]2[C]3[C](COC3=O)[C](O[C]3O[C]4CO[C](C)O[C]4[C](O)[C]3O)c3cc4c(cc32)OCO4)cc(OC)c1OP(=O)(O)O,0,0.9999487552494299,1
CC1C=CC=CCCC=CC=CC=CC=CC(OC2OC(C)C(O)C(N)C2O)CC2OC(O)(CC(O)C(O)CCC(O)CC(O)CC(O)CC(=O)OC(C)C(C)C1O)CC(O)C2C(=O)O,0,0.9987509704658368,1
COc1cc2c(cc1OC)[C](Cc1cc(OC)c(OC)c(OC)c1)[N+](C)(CCCOC(=O)CC/C=C/CCC(=O)OCCC[N+]1(C)CCc3cc(OC)c(OC)cc3[C]1Cc1cc(OC)c(OC)c(OC)c1)CC2,0,0.015520879305044416,0
O=C(CCOCCOCCOCCOCCC(=O)Nc1c(I)cc(I)c(C(=O)O)c1I)Nc1c(I)cc(I)c(C(=O)O)c1I,0,0.05889786241858152,0
O=C([O-])P(=O)([O-])[O-],1,0.9927712405219925,1
C=CC(N)CCC(=O)O,1,0.6739982949610905,1
NCCCCCC(=O)O,1,0.7894911832636328,1
ClC=C(Cl)Cl,1,0.9537356825489529,1
CC(=O)Nc1ccccc1,1,0.9419740411701631,1
CC1OC1P(=O)([O-])[O-],1,0.9527229252353397,1
O=c1[nH]cnc2[nH]ncc12,1,0.12542696757765331,0
CCOC(=O)C=CC(=O)O,1,0.590529453509328,1
COC(=O)/C=C\C(=O)OC,1,0.7020460823631901,1
C#CC(O)(/C=C/Cl)CC,1,0.5747644716617585,1
CC(=O)OCc1ccccc1,1,0.2288988759237512,0
CC(=O)Nc1ccc(O)cc1,1,0.7973581138525941,1
ClC(Cl)(Cl)Cl,1,0.6206716091814899,1
Cc1cc(O)cc(C)c1Cl,1,0.7093894215435891,1
NCC1CCC(C(=O)O)CC1,1,0.2261512151602825,0
c1ccc(CC2=NCCN2)cc1,1,0.06375170942824226,0
CC(C[N+](C)(C)C)OC(N)=O,1,0.9696936904479794,1
O=C([O-])CCCc1ccccc1,1,0.38779045374410787,0
CC(=O)NC(CS)C(=O)O,1,0.10323590295847217,0
COC(F)(F)C(Cl)Cl,1,0.9630000826983004,1
OC(O)C(Cl)(Cl)Cl,1,0.7256695026486927,1
ClC(Cl)=C(Cl)Cl,1,0.24363021318009292,0
CN[C@@]1(C)[C]2CC[C](C2)C1(C)C,1,0.0030949154887659914,0
COC(=O)C(N)Cc1cnc[nH]1,1,0.0004125607195781871,0
NCC1(CC(=O)O)CCCCC1,1,0.02475063033336865,0
CC(C)OP(=O)(F)OC(C)C,1,0.2609867323671362,0
FC(F)OC(Cl)C(F)(F)F,1,0.9899217562400976,1
FCOC(C(F)(F)F)C(F)(F)F,1,0.9464241708686321,1
C[C](CS)C(=O)N1CCC[C]1C(=O)O,1,0.923039949835441,1
Nc1nc2c(ncn2COCCO)c(=O)[nH]1,1,0.998999531356202,1
O=[N+]([O-])c1cncn1CCN1CCOCC1,1,0.0005946135551318259,0
Cc1cc2cc3c(C)cc(=O)oc3c(C)c2o1,1,0.5280224179622242,0
COc1ccc2cc(CCC(C)=O)ccc2c1,1,0.9910321280205994,1
CNC(=O)CSP(=S)(OC)OC,1,0.06966679856329655,0
CCN[C](C)Cc1cccc(C(F)(F)F)c1,1,0.1514960774378394,0
CCC(C)C(C)(COC(N)=O)COC(N)=O,1,0.014167134733491415,0
Nc1nc2ccc(OC(F)(F)F)cc2s1,1,0.016131582318605484,0
NCCC(O)(P(=O)(O)O)P(=O)(O)O,1,0.8684665175021984,1
O=c1[nH]cnc2c1ncn2[C]1CC[C](CO)O1,1,0.17028292639816245,0
CCCC(C)C1(CC)C(=O)[N-]C(=S)NC1=O,1,0.12200575792716697,0
CCOC(=O)C(C)(C)Oc1ccc(Cl)cc1,1,0.6338727021019188,1
Nc1nc(=O)n(C2CSC(CO)O2)cc1F,1,0.9900176506197631,1
CC1CCC(NC(=O)N(CCCl)N=O)CC1,1,0.9683197627902833,1
NCCCC(O)(P(=O)([O-])O)P(=O)(O)O,1,0.9655463103067691,1
O=C(O)c1cc(-c2ccc(F)cc2F)ccc1O,1,0.9813197528955657,1
Nc1nc2c(ncn2COC(CO)CO)c(=O)[nH]1,1,0.9949884020857763,1
O=P1(NCCCl)OCCCN1CCCl,1,0.11291135903025179,0
O=P1(N(CCCl)CCCl)NCCCO1,1,0.6635522624301334,1
CCCSc1ccc2nc(NC(=O)OC)[nH]c2c1,1,0.11972231822149844,0
Cc1cn([C]2C[C](N=[N+]=[N-])[C](CO)O2)c(=O)[nH]c1=O,1,6.424147636066574e-05,0
CC(C(=O)O)c1ccc2c(c1)[nH]c1ccc(Cl)cc12,1,0.009649406300033643,0
C=C1C(CO)C(O)CC1n1cnc2c(=O)[nH]c(N)nc21,1,0.7829430757519048,1
COP(=S)(OC)Oc1ccc(SC)c(C)c1,1,0.9646937740227695,1
Nc1ccn(C[C](CO)OCP(=O)(O)O)c(=O)n1,1,0.949868821717036,1
O=C(O)c1ccccc1Nc1cccc(C(F)(F)F)c1,1,0.6767547658901626,1
O=C(O)c1cccnc1Nc1cccc(C(F)(F)F)c1,1,0.7072243959309736,1
O=C(O)c1cccc(-c2noc(-c3ccccc3F)n2)c1,1,0.21787646122301949,0
CN(C)CCCN1c2ccccc2Sc2ccccc21,1,0.0004181488306072518,0
Nc1nc(Cl)nc2c1ncn2[C]1C[C](O)[C](CO)O1,1,0.9323860371819186,1
CC(NCCc1ccc(O)cc1)C(O)c1ccc(O)cc1,1,0.027079370502405397,0
COc1ccc2c3c1O[C]1C[C](O)C=C[C@]13CCN(C)C2,1,0.0035435391243539734,0
CCc1cccc2c3c([nH]c12)C(CC)(CC(=O)O)OCC3,1,0.0285426073993039,0
CC12CCC(=O)C=C1CCC1C2CCC2(C)C(O)CCC12,1,0.0005271870330571651,0
CC(C)(Oc1ccc(C2CC2(Cl)Cl)cc1)C(=O)O,1,0.8239846243388972,1
C[N+](C)(C)CCOC(=O)CCC(=O)OCC[N+](C)(C)C,1,0.36031147024333027,0
ClC1C(Cl)C(Cl)C(Cl)C(Cl)C1Cl,1,0.9300791188873633,1
O=C(O)Cc1ccccc1Oc1ccc(Cl)cc1Cl,1,0.9887039784157069,1
O=C(O)c1cc(N=Nc2ccc([O-])c(C(=O)O)c2)ccc1[O-],1,0.9944564744647515,1
CC1=C(/C=C/C(C)=C\C=C\C(C)=C\C(=O)O)C(C)(C)CCC1,1,0.8859315482273717,1
Nc1nc(Cl)nc2c1ncn2C1OC(CO)C(O)C1F,1,0.9993736179345416,1
CCCCC1C(=O)N(c2ccccc2)N(c2ccccc2)C1=O,1,0.8898281894591087,1
OC[C](O)[C]1O[C]2O[C](C(Cl)(Cl)Cl)O[C]2[C]1O,1,0.8535454471285527,1
Cc1nc(-c2ccc(Cl)cc2)oc1COC(C)(C)C(=O)O,1,0.2650982323295395,0
CCOC(=O)C1=CC(OC(CC)CC)C(NC(C)=O)C(N)C1,1,0.0013034004313950207,0
O=C1Nc2ccc(Cl)cc2[C@@](C#CC2CC2)(C(F)(F)F)O1,1,0.9961746532111467,1
Cc1nc(-c2ccc(OCC(C)C)c(C#N)c2)sc1C(=O)O,1,0.583426855910972,1
O=P([O-])(O)C(Sc1ccc(Cl)cc1)P(=O)([O-])O,1,0.2552063658508741,0
CCCCCN(C)CCC(O)(P(=O)([O-])O)P(=O)(O)O,1,0.9993449079195323,1
CC1COc2c(C3(N)CC3)c(F)cc3c(=O)c(C(=O)O)cn1c23,1,0.9987314830337422,1
CCn1cc(C(=O)O)c(=O)c2cc(F)c(N3CCNCC3)cc21,1,0.9600198559720644,1
CCn1cc(C(=O)O)c(=O)c2cc(F)c(N3CCNCC3)nc21,1,0.908546083185603,1
CC(C)C(N)C(=O)OCCOCn1cnc2c(=O)[nH]c(N)nc21,1,0.9914044603986387,1
CN(C)CCCC1(c2ccc(F)cc2)OCc2cc(C#N)ccc21,1,0.9774209547429302,1
O=C(O)c1cn(C2CC2)c2cc(N3CCNCC3)c(F)cc2c1=O,1,0.9910737874439879,1
CCn1cc(C(=O)O)c(=O)c2cc(F)c(N3CCN(C)CC3)cc21,1,0.9777200020732506,1
Cc1cc(NC(=O)C2=C(O)c3ccccc3S(=O)(=O)N2C)no1,1,0.430942675662045,0
COc1ccc2[nH]c(S(=O)Cc3ncc(C)c(OC)c3C)nc2c1,1,0.9997142488961155,1
C=C(c1ccc(C(=O)O)cc1)c1cc2c(cc1C)C(C)(C)CCC2(C)C,1,0.5670455418202305,1
C[C](c1ncncc1F)[C@](O)(Cn1cncn1)c1ccc(F)cc1F,1,0.802847985236502,1
CCn1cc(C(=O)O)c(=O)c2cc(F)c(N3CCNC(C)C3)c(F)c21,1,0.7200195749504986,1
Cc1cnc(NC(=O)C2=C(O)c3ccccc3S(=O)(=O)N2C)s1,1,0.9253799379248383,1
CC(C)C(N)C(=O)OCC(CO)OCn1cnc2c(=O)[nH]c(N)nc21,1,0.990775044223043,1
O=C(O)CCNC(=O)c1ccc(N=Nc2ccc(O)c(C(=O)O)c2)cc1,1,0.9422915010462514,1
COCCCOc1ccnc(CS(=O)c2nc3ccccc3[n-]2)c1C,1,0.0334676473414595,0
Cc1c(F)c(N2CCNC(C)C2)cc2c1c(=O)c(C(=O)O)cn2C1CC1,1,0.9770626684250306,1
CC(C)OC(=O)C(C)(C)Oc1ccc(C(=O)c2ccc(Cl)cc2)cc1,1,0.9849294937559065,1
CC1COc2c(N3CCN(C)CC3)c(F)cc3c(=O)c(C(=O)O)cn1c23,1,0.9953636946514212,1
Cc1c(OCC(F)(F)F)ccnc1CS(=O)c1nc2ccccc2[nH]1,1,0.9729332551892386,1
O=C(O)c1ccc(-n2nc(-c3ccccc3O)nc2-c2ccccc2O)cc1,1,0.9522329061930488,1
COc1c(N2CCNC(C)C2)c(F)cc2c(=O)c(C(=O)O)cn(C3CC3)c12,1,0.9745225564909217,1
CN1CCN(C(=O)O[C]2c3nccnc3C(=O)N2c2ccc(Cl)cn2)CC1,1,0.9558240979140884,1
CON=C1CN(c2nc3c(cc2F)c(=O)c(C(=O)O)cn3C2CC2)CC1CN,1,0.9791288071356393,1
C[C]1CN(c2c(F)c(N)c3c(=O)c(C(=O)O)cn(C4CC4)c3c2F)C[C](C)N1,1,0.9877830017076349,1
O=C(OC1CC2CCC(C1)[N+]21CCCC1)C(O)(c1ccccc1)c1ccccc1,1,0.9523539077014126,1
NC1CCN(c2nc3c(cc2F)c(=O)c(C(=O)O)cn3-c2ccc(F)cc2F)C1,1,0.9837722986197482,1
NC1CN(c2c(F)cc3c(=O)c(C(=O)O)cn(C4CC4F)c3c2Cl)CC12CC2,1,0.9992507229873474,1
Nc1nc(C(=CCC(=O)O)C(=O)NC2C(=O)N3C(C(=O)O)=CCSC23)cs1,1,0.9951139428945424,1
CC(C)n1c(C=CC(O)CC(O)CC(=O)O)c(-c2ccc(F)cc2)c2ccccc21,1,0.8693015195560913,1
O=C1OC(OC(=O)c2cccnc2Nc2cccc(C(F)(F)F)c2)c2ccccc21,1,0.9061271215086621,1
CCCCc1nc(Cl)c(CO)n1Cc1ccc(-c2ccccc2-c2nnn[nH]2)cc1,1,0.9998089991569954,1
CO/N=C(\C(=O)N[C]1[C]2SCC(COC(N)=O)=C(C(=O)O)N2C1=O)c1ccco1,1,0.9700138117012022,1
COc1ccccc1OCC(O)CN1CCN(CC(=O)Nc2c(C)cccc2C)CC1,1,0.9058956700083249,1
CCCCC1=NC2(CCCC2)C(=O)N1Cc1ccc(-c2ccccc2-c2nnn[nH]2)cc1,1,0.9973332685557579,1
CCCCC(=O)N(Cc1ccc(-c2ccccc2-c2nnn[nH]2)cc1)[C](C(=O)O)C(C)C,1,0.9773939956279046,1
Cc1nnc(C(=O)NC(C)(C)c2nc(C(=O)NCc3ccc(F)cc3)c(O)c(=O)n2C)o1,1,0.4680194057065605,0
C=CC1=C(C(=O)O)N2[C](SC1)[C](NC(=O)/C(=N\OCC(=O)O)c1csc(N)n1)C2=O,1,0.9704595583232287,1
CN(Cc1cnc2nc(N)nc(N)c2n1)c1ccc(C(=O)N[C](CCC(=O)O)C(=O)O)cc1,1,0.7725466844945788,1
Cc1nnc(SCC2=C(C(=O)O)N3C(=O)C(NC(=O)Cn4cnnn4)C3SC2)s1,1,0.997113334689967,1
COCc1c(C(C)C)nc(C(C)C)c(C=CC(O)CC(O)CC(=O)[O-])c1-c1ccc(F)cc1,1,0.9965662165025854,1
CNC(=O)c1cc(Oc2ccc(NC(=O)Nc3ccc(Cl)c(C(F)(F)F)c3)cc2)ccn1,1,0.9916485402259058,1
CCCc1nn(C)c2c(=O)[nH]c(-c3cc(S(=O)(=O)N4CCN(C)CC4)ccc3OCC)nc12,1,0.6366208627034683,1
C#CCC(Cc1cnc2nc(N)nc(N)c2n1)c1ccc(C(=O)N[C](CCC(=O)O)C(=O)O)cc1,1,0.018628477833470294,0
CC(C)c1nc(N(C)S(C)(=O)=O)nc(-c2ccc(F)cc2)c1/C=C/[C](O)C[C](O)CC(=O)[O-],1,0.9772589521131396,1
CCCc1nc(C)c2c(=O)[nH]c(-c3cc(S(=O)(=O)N4CCN(CC)CC4)ccc3OCC)nn12,1,0.29800192427664207,0
Cc1ccc(NC(=O)c2ccc(CN3CCN(C)CC3)cc2)cc1Nc1nccc(-c2cccnc2)n1,1,0.1474700634277903,0
CC(C)(C)C(=O)OCOP(=O)(COCCn1cnc2c(N)ncnc21)OCOC(=O)C(C)(C)C,1,0.9993395431548632,1
CO/N=C(\C(=O)N[C]1[C]2SCC(C)=C(C(=O)OCOC(=O)C(C)(C)C)N2C1=O)c1csc(N)n1,1,0.9870009965282213,1
CC(C)OC(=O)OCOP(=O)(COC(C)Cn1cnc2c(N)ncnc21)OCOC(=O)OC(C)C,1,0.991347962517472,1
CC(C)(O/N=C(\C(=O)N[C]1[C]2SCC(C[n+]3ccccc3)=C(C(=O)[O-])N2C1=O)c1csc(N)n1)C(=O)[O-],1,0.9990458454317096,1
CON=C(C(=O)NC1C(=O)N2C(C(=O)[O-])=C(CSc3nc(=O)c(=O)[nH]n3C)CSC12)c1csc(N)n1,1,0.9999986025473198,1
COCC1=C(C(=O)OC(C)OC(=O)OC(C)C)N2[C](SC1)[C](NC(=O)/C(=N\OC)c1csc(N)n1)C2=O,1,0.9989156074474849,1
CC(=O)N(O)CCCCCNC(=O)CCC(=O)N(O)CCCCCNC(=O)CCC(=O)N(O)CCCCCN,1,0.993263876799228,1
CS(=O)(=O)CCNCc1ccc(-c2ccc3ncnc(Nc4ccc(OCc5cccc(F)c5)c(Cl)c4)c3c2)o1,1,0.6150817194482971,1
CC(C)(O)c1ccccc1CC[C](SCC1(CC(=O)[O-])CC1)c1cccc(/C=C/c2ccc3ccc(Cl)cc3n2)c1,1,0.07662571842699076,0
CCc1c2c(nc3ccc(OC(=O)N4CCC(N5CCCCC5)CC4)cc13)-c1cc3c(c(=O)n1C2)COC(=O)[C@]3(O)CC,1,0.9918328875379981,1
CCOc1nc2cccc(C(=O)OC(C)OC(=O)OC3CCCCC3)c2n1Cc1ccc(-c2ccccc2-c2nnn[nH]2)cc1,1,0.9998745708455193,1
CO/N=C(\C(=O)N[C]1[C]2SCC(/C=C\c3scnc3C)=C(C(=O)OCOC(=O)C(C)(C)C)N2C1=O)c1csc(N)n1,1,0.987058478016571,1
CCC(C(C)O)n1ncn(-c2ccc(N3CCN(c4ccc(OCC5COC(Cn6cncn6)(c6ccc(F)cc6F)C5)cc4)CC3)cc2)c1=O,1,0.03179143663003552,0
C[C](O)C(=O)Nc1c(I)c(C(=O)NC(CO)CO)c(I)c(C(=O)NC(CO)CO)c1I,1,0.9972436665573683,1
CC(=O)N(CC(O)CO)c1c(I)c(C(=O)NCCO)c(I)c(C(=O)NCC(O)CO)c1I,1,0.9911236134839587,1
COCC(=O)Nc1c(I)c(C(=O)NCC(O)CO)c(I)c(C(=O)N(C)CC(O)CO)c1I,1,0.9644328104984317,1
COC1C(OC(C)=O)CC(=O)OC(C)CC=CC=CC(O)C(C)CC(CC=O)C1OC1OC(C)C(OC2CC(C)(O)C(OC(=O)CC(C)C)C(C)O2)C(N(C)C)C1O,1,0.999984283163603,1
CCCN(CCC)C(=O)C(CCC(=O)OCCCN1CCN(CCOC(=O)Cc2c(C)n(C(=O)c3ccc(Cl)cc3)c3ccc(OC)cc23)CC1)NC(=O)c1ccccc1,1,0.0178993849481231,0
CC[C](C)[C]1O[C@]2(CC[C]1C)C[C]1C[C](C/C=C(\C)[C](O[C]3C[C](OC)[C](O[C]4C[C](OC)[C](O)[C](C)O4)[C](C)O3)[C](C)/C=C/C=C3\CO[C]4[C](O)C(C)=C[C](C(=O)O1)[C@@]43O)O2,1,0.05572085325969694,0
CO[C]1C[C](C[C](C)[C]2CC(=O)[C](C)/C=C(\C)[C](O)[C](OC)C(=O)[C](C)C[C](C)/C=C/C=C/C=C(\C)[C](OC)C[C]3CC[C](C)[C@@](O)(O3)C(=O)C(=O)N3CCCC[C]3C(=O)O2)CC[C]1O,1,0.999993508768955,1
CC1C=CC=CC=CC=CC=CC=CC=CC(OC2OC(C)C(O)C(N)C2O)CC2OC(O)(CC(O)CC(O)C(O)CCC(O)CC(O)CC(=O)OC(C)C(C)C1O)CC(O)C2C(=O)O,1,0.9950511498459923,1
CO[C]1C[C](C[C](C)[C]2CC(=O)[C](C)/C=C(\C)[C](O)[C](OC)C(=O)[C](C)C[C](C)/C=C/C=C/C=C(\C)[C](OC)C[C]3CC[C](C)[C@@](O)(O3)C(=O)C(=O)N3CCCC[C]3C(=O)O2)CC[C]1OCCO,1,0.999994801194865,1
CC(O)C(CO)NC(=O)C1CSSCC(NC(=O)C(N)Cc2ccccc2)C(=O)NC(Cc2ccccc2)C(=O)NC(Cc2c[nH]c3ccccc23)C(=O)NC(CCCCN)C(=O)NC(C(C)O)C(=O)N1,1,0.9886826953324119,1
O=C(CCCCC(=O)Nc1c(I)cc(I)c(C(=O)O)c1I)Nc1c(I)cc(I)c(C(=O)O)c1I,1,0.6201743821296913,1
C/C=C/C[C](C)[C](O)[C]1C(=O)N[C](CC)C(=O)N(C)CC(=O)N(C)[C](CC(C)C)C(=O)N[C](C(C)C)C(=O)N(C)[C](CC(C)C)C(=O)N[C](C)C(=O)N[C](C)C(=O)N(C)[C](CC(C)C)C(=O)N(C)[C](CC(C)C)C(=O)N(C)[C](C(C)C)C(=O)N1C,1,0.6085985620409674,1
